,shirt,kurta,tops,shorts,jeans,amount_of_loan,interest_rate,time_to_repay,simple_interest,cibil_score,past_debt_to_repay,no_of_units_sold_per_day_of_shirt,no_of_units_sold_per_day_of_kurta,no_of_units_sold_per_day_of_tops,no_of_units_sold_per_day_of_shorts,no_of_units_sold_per_day_of_jeans,profit_percentage_last_year,competition_scale,sustainability,startup,management_effectivity
0,3932,1735,18140,1191,4068,2972571,10,8,0,559,4430521,3,6,12,8,4,22,7,1,1,1
1,869,4040,4941,1787,3888,516224,13,7,0,314,227966,10,9,11,6,5,8,9,0,0,0
2,2725,3695,19358,1099,1616,2997923,12,6,1,555,4948997,7,3,6,4,4,21,7,0,0,0
3,4992,7635,17451,916,5112,3446589,13,9,0,732,558639,3,1,10,13,6,33,8,1,1,1
4,1125,8231,19967,776,1250,5176307,6,5,1,789,4735759,12,2,19,13,7,32,2,1,0,1
5,1940,2524,11160,2503,3471,2437325,11,5,1,458,3319926,5,4,6,14,4,22,6,1,1,1
6,1135,4434,9951,1311,2698,7069594,10,3,1,564,4959975,5,5,11,6,10,46,6,0,0,1
7,2646,1337,18409,2380,1483,3624397,13,2,0,806,760910,5,4,16,9,10,11,8,1,1,0
8,2678,7868,6016,784,4857,4592538,8,3,0,585,3741344,5,1,9,13,4,10,8,1,1,1
9,1979,2352,14450,945,6888,5719382,10,5,1,781,774624,10,8,8,9,10,5,10,1,1,1
10,1587,3213,8330,2979,5691,7504659,11,2,0,387,842455,5,1,16,13,10,4,2,0,1,1
11,4671,4245,6157,895,6496,9935658,14,7,0,591,1958962,11,7,10,10,5,16,9,0,1,0
12,2588,6774,4316,598,4097,9672216,8,5,0,473,3513525,8,6,18,3,11,16,9,0,1,1
13,1033,2824,8848,2493,2448,6438210,11,8,0,487,2578806,14,4,7,12,5,10,2,1,1,1
14,2831,8601,11675,579,4663,6245453,12,2,0,547,3231203,9,8,17,12,8,26,8,1,1,1
15,3903,3534,3760,2640,3493,9170206,12,6,1,546,4482512,3,9,12,6,10,35,3,0,1,1
16,1940,2899,17516,1474,6350,8727726,8,3,0,488,4165238,14,3,11,8,11,14,1,1,0,1
17,650,4317,15773,2385,1836,9149269,8,9,1,596,4345544,13,7,9,9,6,22,10,0,1,0
18,2660,8357,10880,2533,5098,4845097,6,5,0,872,3808650,10,3,10,5,4,47,10,0,1,0
19,1766,6410,10032,1867,3952,5179051,9,1,1,524,132665,6,3,10,7,11,33,2,0,0,0
20,2549,2093,2634,2434,1796,3840939,13,3,1,585,3021340,11,2,8,9,8,9,6,1,0,1
21,4512,2871,13606,2210,5815,2803931,9,5,1,819,4510728,9,6,5,8,11,34,6,1,0,0
22,2198,6907,8156,2630,5841,8380961,6,3,1,417,4531009,5,1,13,5,3,33,5,1,0,0
23,3415,6467,15335,983,6337,5178431,12,5,0,544,1224874,5,1,17,14,5,24,6,0,1,0
24,2191,5895,10436,1447,6811,6905561,6,5,0,317,4869870,9,9,19,13,9,6,6,0,1,0
25,1436,2446,15268,591,3421,5699489,10,2,0,462,821088,3,8,8,11,9,36,7,0,1,0
26,1712,4863,19389,2159,5748,4947440,7,4,0,602,653140,5,7,6,11,8,21,5,0,0,0
27,3583,9834,17514,1346,1938,6061114,13,5,0,361,4056893,11,1,13,8,8,34,3,0,1,0
28,3748,6409,5936,2657,3764,6158951,10,7,1,598,2365411,6,2,14,12,4,43,6,1,1,1
29,3281,4932,8727,1023,3799,3665551,12,6,0,412,2579003,7,3,18,4,10,18,9,1,1,0
30,3914,9496,19318,1343,3178,7002666,11,3,0,672,1024695,3,3,12,9,10,8,9,0,0,0
31,4561,4747,9381,1291,2955,5982862,6,3,1,895,4255231,3,5,9,13,2,14,6,1,1,0
32,1657,2834,14067,2629,5038,9064249,6,8,1,708,3922509,13,2,16,11,3,36,5,0,1,0
33,3314,5802,17192,1367,6060,9866752,12,5,0,581,1913491,10,6,11,9,11,36,8,1,0,1
34,4589,6059,19354,938,4000,6304573,7,3,1,790,2577805,14,1,8,12,6,2,10,0,0,1
35,3759,2987,4099,2080,2639,2046135,12,7,1,303,4266600,9,8,18,10,6,14,1,0,1,0
36,4135,2572,7449,2158,2612,2962632,7,4,1,620,950352,10,4,6,9,6,30,7,1,1,1
37,3121,2342,12261,2222,5018,4510027,11,7,1,851,2072623,10,8,9,11,6,1,5,0,1,0
38,3738,1367,11168,2658,1147,8920749,8,4,1,765,4716213,12,5,5,6,11,33,4,1,1,0
39,2152,7683,3956,785,5237,1918757,9,9,0,838,3078610,7,5,9,9,2,14,9,1,0,0
40,4655,1072,4345,1586,5767,8499350,9,5,0,882,4139855,6,8,5,8,8,17,1,0,0,1
41,4274,3191,15661,1984,5541,9830961,10,2,1,375,2731879,12,2,8,10,11,16,9,1,1,0
42,3361,3964,12380,2727,4360,5043477,7,7,0,543,1007743,10,5,9,7,7,28,3,1,1,1
43,909,6783,6901,2076,1857,3186470,13,2,1,893,83690,13,7,14,13,4,18,5,0,1,1
44,3005,9745,19035,1401,1216,1565961,10,1,0,720,1364926,5,8,12,8,5,3,2,0,1,1
45,2855,6577,13708,2117,2154,7377649,11,1,1,302,160538,5,4,11,11,3,28,6,1,1,0
46,4970,9331,14681,2229,2739,3050702,14,8,0,835,1109152,13,5,7,12,3,12,1,0,1,0
47,2619,6210,19843,1712,2058,6938492,9,8,1,415,824028,5,1,9,11,5,23,4,0,0,1
48,2598,3557,7507,1191,3442,6533696,10,1,0,698,4732840,12,9,12,6,6,38,3,1,0,0
49,1578,2653,17883,2224,6975,8641299,10,8,1,796,4023233,8,9,17,8,2,11,1,1,0,0
50,3539,5448,14841,1225,6761,839619,13,2,1,615,2737576,11,1,6,13,7,3,2,1,1,0
51,2032,2113,19593,2371,4704,3685402,11,8,0,487,2674573,6,1,14,4,4,4,5,1,0,0
52,4950,2425,5017,1009,6715,8849345,7,2,0,821,2180197,10,2,13,6,4,7,7,0,1,0
53,3428,2282,16879,1779,4019,6948319,10,6,0,546,4080032,14,5,14,10,10,35,3,0,1,1
54,2374,7305,8740,2126,6008,2252632,12,8,1,713,1919916,5,2,18,3,10,3,5,1,1,1
55,3197,5989,10348,750,4902,1447337,14,4,0,800,104340,10,6,10,11,9,12,4,0,0,1
56,4611,8679,11789,1148,4104,4089986,14,8,0,777,1149940,7,8,8,8,8,11,10,0,1,0
57,1534,8397,3393,1376,2906,7142849,14,2,0,622,894707,13,8,12,12,2,16,7,1,0,1
58,3258,2008,9598,1343,1337,2521439,12,5,0,490,2916289,3,2,12,3,3,33,2,1,1,1
59,2590,2875,7894,549,1405,2043081,7,2,0,453,684361,9,3,19,7,3,29,9,1,1,1
60,2720,6269,19690,1139,2793,2533695,12,5,1,717,3721044,3,4,14,8,6,4,7,1,0,0
61,3523,5723,10362,1723,1685,1084438,12,2,0,650,2773111,14,8,16,11,4,9,1,0,0,0
62,572,7795,10871,602,2709,6586003,9,4,0,709,827350,4,6,14,14,10,25,6,0,0,0
63,733,2429,3540,2219,3082,2596650,11,7,0,836,1683420,8,5,18,5,9,1,8,1,1,1
64,1756,3536,7044,2347,1989,9153430,7,3,1,860,3551146,7,2,19,4,9,26,3,0,0,1
65,1470,5395,14766,1001,3681,2875607,7,8,0,736,2090666,10,1,17,6,6,37,8,1,1,1
66,2863,7121,5079,2632,4410,6642601,14,2,1,836,1969611,4,6,8,5,3,19,1,1,0,0
67,1863,5594,2402,1697,5252,1543857,11,8,1,713,3224616,11,8,19,14,11,3,1,1,1,1
68,2259,7097,5246,753,2931,3525487,6,9,0,359,1136110,11,4,14,13,5,16,9,1,0,0
69,3716,7220,7680,2735,4324,1668549,6,7,1,692,4804475,14,1,15,12,6,38,8,1,0,0
70,3916,1615,15455,2160,4350,837535,7,9,0,345,336596,10,1,16,3,8,10,3,0,0,0
71,3634,6756,4021,2891,3498,5640165,9,5,1,304,643478,4,4,10,7,7,28,9,1,1,1
72,3705,8862,11267,2863,5213,2590073,10,8,1,791,1472151,6,4,15,4,3,45,1,0,1,0
73,2208,9826,16714,2243,1593,3076181,7,9,1,895,4472142,3,9,10,3,8,1,2,0,0,1
74,2542,6071,9542,2667,2409,4080802,14,2,0,779,1794939,6,6,18,5,9,25,2,1,1,0
75,4370,1294,3814,1034,5666,5417509,9,5,1,598,584429,11,2,6,12,6,16,1,1,1,0
76,2397,9378,17913,1182,5545,9761234,8,9,0,506,2933692,4,2,11,6,8,30,9,1,1,1
77,1218,2264,13941,2677,6345,3090837,8,5,0,758,1938478,8,3,19,13,5,31,2,1,0,1
78,975,1194,9144,2715,5992,3096173,6,4,1,883,777244,8,6,6,11,11,33,1,1,0,1
79,4312,9264,6462,1985,5579,7040398,13,1,1,881,790789,4,2,10,9,5,30,3,1,1,1
80,4272,8255,8439,1707,4658,3606184,8,2,0,863,1197504,7,9,6,9,3,44,7,0,1,1
81,1924,6107,8763,2679,2505,5694057,11,7,1,536,3848477,4,3,18,7,8,21,3,1,0,0
82,732,2913,11881,1115,6271,1931834,9,1,1,341,2614350,6,1,13,3,3,24,4,0,0,0
83,1905,2138,15482,682,2138,4188532,9,5,0,472,181308,7,1,16,5,5,0,1,0,1,1
84,1415,6273,8204,1161,5325,4303055,10,2,1,353,2711086,7,3,13,9,3,29,7,0,1,0
85,4788,3303,9363,2247,3903,6970314,11,9,1,436,2547495,9,9,16,5,6,27,3,1,1,1
86,4520,2757,8226,2836,5244,8820590,9,7,1,525,1972419,6,5,7,8,6,5,9,1,1,0
87,1388,7369,8582,1929,2177,3175444,10,4,0,377,2744575,7,5,16,5,5,46,4,1,1,0
88,1315,5363,19972,2485,1374,7719041,13,4,0,833,3365771,3,3,7,6,6,31,3,0,1,0
89,820,7128,5412,740,4053,1907004,8,6,1,518,1871469,3,3,7,10,9,31,5,1,1,0
90,4536,9212,10899,1903,3244,6125827,10,7,1,587,1662445,6,4,5,11,4,41,2,0,1,1
91,4815,7387,9832,1541,6355,590295,12,1,0,556,510195,14,4,5,11,6,5,1,1,1,1
92,531,5093,3603,555,3758,4346187,7,2,0,389,4391100,4,2,12,4,10,36,6,1,0,0
93,1546,2699,5669,1509,4652,6806774,12,2,1,311,3431223,11,3,8,4,2,14,8,0,1,1
94,4034,8843,12578,2688,4690,1820128,6,9,1,526,2986426,4,8,13,5,7,31,10,0,0,0
95,4294,3807,11394,2787,6205,3419825,7,1,0,624,2965030,14,6,5,7,2,45,6,1,0,0
96,1043,9676,17694,2067,4428,931081,13,3,0,611,4251101,7,9,6,13,3,23,1,1,0,0
97,1515,1163,13709,727,6850,5473563,7,2,0,445,786232,7,1,15,7,9,30,10,1,0,1
98,4251,2731,13251,2527,3721,8087999,9,7,0,736,2809311,8,7,19,10,5,9,10,0,0,1
99,1094,8916,4661,1168,2088,8604389,11,4,1,334,404310,5,8,19,10,10,16,8,1,1,1
100,4433,5936,5751,2264,4636,5101748,13,4,1,817,2963837,3,7,15,10,8,33,1,0,0,1
101,3679,4958,3151,1023,5214,5559174,8,1,1,568,2526372,8,2,19,11,7,27,9,1,1,0
102,1449,1382,17564,1706,1483,5565103,13,7,0,324,679829,13,8,12,13,10,1,6,1,0,1
103,4430,7979,8752,1420,1003,761655,14,1,1,521,4276525,9,5,16,5,8,6,6,0,0,1
104,675,2629,8965,2533,5432,6941559,12,1,0,664,3651853,13,3,7,10,7,20,5,1,1,0
105,2478,3290,3012,2378,1473,2555968,14,1,1,645,4636872,4,7,13,14,6,39,1,0,0,0
106,3348,8590,16279,1281,5323,8416042,6,1,0,584,1055441,5,3,12,14,11,32,1,0,1,1
107,3575,6493,13900,1676,6477,4578574,14,9,1,835,2422414,9,3,19,10,7,40,3,0,1,0
108,3514,3752,19768,1389,2051,8818743,10,9,0,507,4278530,10,2,12,14,4,40,10,1,1,1
109,2046,1189,14184,1163,3978,935334,14,4,1,575,3029255,7,2,8,10,7,5,4,1,0,0
110,3282,4929,15149,1655,4182,5256149,7,4,0,603,1113708,3,2,15,13,7,49,1,0,1,0
111,506,9492,13342,1805,3689,1239796,14,2,0,680,3414966,8,9,19,5,6,28,5,0,0,1
112,4623,5505,2628,2672,3484,4929899,14,7,0,306,1936678,10,8,19,6,2,4,4,1,1,1
113,4851,1160,2960,2520,4164,4759190,6,5,0,687,3921511,12,3,5,5,6,28,3,0,1,0
114,2638,7977,3981,1296,2508,5052230,7,1,1,548,2394020,5,4,11,5,11,20,1,1,1,1
115,1105,3050,3172,2240,4992,1843743,14,6,1,470,3040736,6,1,6,10,6,18,3,0,0,0
116,4430,7486,11471,2556,4030,6782841,10,1,0,449,4480438,4,8,17,6,9,15,3,0,1,0
117,1126,7387,2915,1775,6185,8186501,12,9,1,365,2517044,5,9,18,9,6,2,9,1,0,0
118,2222,5131,4187,2621,6120,5608733,8,9,0,785,3900272,9,1,11,11,5,2,7,1,1,0
119,2674,8485,3184,1680,2867,2604220,14,3,1,310,3830993,5,7,8,14,9,6,7,0,1,0
120,999,2071,12591,2045,6182,4306515,11,2,1,590,3651250,10,7,7,5,2,17,6,0,1,0
121,4309,6990,5249,1787,4378,2149130,13,3,0,389,2875954,5,2,5,14,6,44,3,0,1,0
122,1571,7293,6729,2756,5040,4118188,11,5,1,488,3582791,3,6,8,10,8,7,6,0,1,1
123,4151,9231,14030,1943,1365,2599126,10,6,1,832,159104,3,4,14,4,5,27,10,0,0,0
124,4591,1113,12675,2164,4914,2259502,14,3,0,655,467236,3,9,18,8,11,33,1,1,1,0
125,1933,8818,18681,1524,6166,5524806,9,9,0,488,3908640,7,5,7,10,3,49,10,1,0,0
126,2035,4502,12982,756,5748,1397017,8,7,1,433,3037991,5,4,10,4,7,3,4,0,0,1
127,1983,9276,16139,2901,4550,3278137,12,2,0,791,483066,3,4,18,7,10,14,6,0,1,0
128,4350,8382,16243,551,5940,9655958,9,3,0,437,2300509,7,7,11,14,4,17,2,1,1,0
129,2951,5677,6314,2349,3340,4456067,13,5,0,714,3524012,7,3,19,6,5,41,4,0,0,1
130,4272,1051,3409,2225,2735,9684830,7,9,1,443,40547,5,8,6,12,10,23,2,1,1,0
131,2725,6564,18343,943,5767,3668846,10,6,1,386,349852,5,7,7,14,8,36,1,0,1,0
132,3065,6100,9879,2475,5692,3687243,11,3,0,400,2210714,3,3,15,11,10,0,4,1,0,1
133,1483,7036,15111,705,3696,5170571,12,9,0,693,877779,9,9,11,10,4,34,10,1,0,1
134,1290,2812,16747,754,6320,5480640,10,9,1,370,3905479,7,2,17,10,6,11,9,1,1,0
135,1956,8667,17839,2043,1007,8851627,13,1,1,758,653928,14,9,10,11,3,27,9,0,0,0
136,2806,1531,11160,1836,3179,9627859,7,5,0,607,3249489,10,6,13,14,2,22,4,1,0,1
137,975,9195,15239,1912,3424,4245125,7,5,0,389,478031,6,6,14,5,5,29,9,0,1,0
138,2339,3004,10646,623,1110,1784049,13,6,1,801,4780926,14,2,7,8,6,13,8,0,0,0
139,1004,1434,15591,1363,4720,8408654,6,1,0,453,2860513,10,6,9,4,6,3,9,0,0,1
140,3510,4584,17716,2835,4734,5455256,13,7,0,457,2412213,13,2,13,7,4,1,7,1,0,1
141,2084,2843,18997,2285,6159,3668572,7,4,1,704,1919982,3,3,10,11,9,2,3,0,1,0
142,3760,9547,11409,1048,1281,5291626,8,2,0,679,741290,14,2,15,12,11,7,2,0,0,1
143,4370,9268,17355,756,3035,561663,7,8,1,587,561441,8,4,10,11,8,2,2,0,0,0
144,2510,4240,7660,2614,2259,891832,6,5,0,861,296732,3,3,8,9,10,38,3,1,1,0
145,3210,2831,3809,1462,5685,3451365,8,7,0,759,576684,9,4,7,7,2,12,5,0,1,1
146,1340,5231,8969,1004,5413,9615601,13,3,0,555,4727574,14,3,15,3,3,26,5,0,1,1
147,4248,7490,6459,2140,5142,9357216,13,7,0,424,2794289,5,5,17,11,10,44,3,1,0,1
148,800,7356,17700,1421,1323,2533482,11,5,1,449,3644883,4,6,18,13,11,15,5,0,1,1
149,4919,5208,8625,2989,4490,722413,10,8,1,896,1234958,14,3,6,6,2,37,8,1,1,0
150,506,1766,3759,2579,3428,2427379,10,1,0,323,2452553,13,2,13,8,7,24,4,1,0,0
151,3597,7319,4559,1980,3403,5599237,6,2,0,664,536354,5,3,12,6,8,42,1,1,0,1
152,914,3452,12437,2012,1803,2431899,12,4,0,896,2802824,3,2,6,4,10,17,9,0,1,0
153,1823,9032,17109,2307,2387,9035140,13,9,1,408,4454477,8,4,12,3,5,36,7,0,1,0
154,3143,2755,5253,793,6575,8597441,9,7,0,634,2769347,4,1,12,4,2,4,3,1,1,1
155,1954,8814,8525,1282,6825,596904,12,5,0,341,130294,9,5,6,4,6,23,10,0,0,1
156,724,9641,10779,1711,2314,6460523,11,3,1,775,2137306,5,9,5,11,5,18,5,1,1,0
157,4526,8218,14324,1060,2709,3927435,10,7,1,497,1414628,7,3,16,5,4,32,9,1,1,1
158,4429,6133,5793,838,6658,1270549,12,7,1,527,1865000,7,6,13,4,10,4,8,1,0,1
159,2269,7411,18772,1646,4885,4934763,8,6,0,414,1414923,14,8,18,12,4,5,2,0,0,0
160,1170,4693,3510,933,1803,7024633,12,8,0,857,4684686,5,9,15,8,3,17,5,0,0,0
161,1047,7124,10210,1410,2166,9422785,8,5,0,889,1527985,6,4,13,5,9,12,10,1,1,0
162,1320,8160,12170,1358,4220,3759290,7,7,0,876,3556241,5,1,5,9,8,24,6,0,0,1
163,2286,9748,3990,2976,2569,4273712,6,3,0,594,630557,8,1,13,6,3,25,3,1,1,1
164,4654,2965,13520,2256,5705,2648261,6,6,1,675,2851236,12,7,12,10,10,34,6,1,1,1
165,1195,9424,16429,1297,1128,7417092,9,5,0,754,2664053,13,4,9,8,11,12,3,0,0,0
166,3680,8205,8167,2190,4582,3477625,11,1,1,454,313574,11,8,10,10,8,22,9,1,1,0
167,3749,1472,8612,1035,1296,9086396,10,4,1,348,3153758,11,8,17,3,10,20,7,0,1,0
168,4103,2186,12479,566,5365,9217205,8,9,0,793,246633,4,5,14,7,2,20,3,0,0,0
169,4587,2396,15496,2204,4573,3307029,11,5,0,753,1417906,8,6,15,11,9,41,1,1,1,0
170,547,9267,9239,1539,1956,9734713,10,7,0,638,118450,5,2,7,12,6,44,1,1,0,1
171,517,2915,15645,2007,5394,4355459,12,4,0,623,469876,3,7,10,7,2,40,9,0,1,0
172,4539,3613,16306,2896,2361,9072794,9,9,0,560,4468279,8,6,6,8,3,5,5,0,0,0
173,3028,9444,3097,2759,5070,3478477,14,1,1,364,3177800,7,2,6,7,9,49,9,1,0,0
174,2323,1230,2699,2797,4708,6801578,11,3,1,452,4023240,8,2,13,11,6,12,6,0,0,0
175,1058,5026,15624,1327,2512,6308573,10,3,0,589,2580354,8,4,9,10,2,13,8,1,0,0
176,1706,3255,10186,2883,3420,896474,11,9,1,577,491015,8,6,14,13,10,11,2,0,0,0
177,4150,7308,3062,899,3762,7638539,13,9,1,328,3339982,14,5,17,13,10,38,4,1,0,1
178,3478,7501,16201,1339,4053,2906617,7,6,1,535,4757097,14,3,11,12,10,19,3,1,0,0
179,664,3227,13825,2482,2511,9051471,12,6,1,853,1425764,5,8,19,5,3,21,6,0,1,0
180,4411,2682,10879,2972,6288,3878672,9,4,0,345,2041937,14,9,5,3,7,0,10,0,1,1
181,4660,4698,10793,1040,2775,3125080,14,7,0,745,2721743,7,1,13,4,10,48,2,0,0,1
182,2196,6411,7435,2009,5525,5818681,10,2,1,615,3234120,6,3,8,5,2,28,5,1,0,0
183,3039,3895,7613,1420,5895,2403742,9,5,1,631,2493102,6,7,18,10,11,16,10,1,0,1
184,1998,2570,9543,1456,2644,9190176,6,3,1,555,274739,7,3,17,5,10,6,7,0,1,0
185,1855,5807,3276,2312,2618,5192698,7,9,0,763,1176779,11,5,15,4,11,40,1,0,0,1
186,4727,5711,19136,1314,1232,4832243,8,7,1,462,3710772,12,6,8,4,9,11,9,1,0,0
187,518,6938,7379,2698,1647,7141396,10,8,0,401,4389444,10,7,17,8,7,46,7,1,1,0
188,4479,2773,9746,910,1757,7399750,12,5,0,567,2818804,5,3,10,12,8,44,5,1,1,0
189,2550,8124,7733,2987,6952,3343981,14,5,0,831,4217827,8,5,17,14,10,25,4,0,1,0
190,2994,5276,12102,2732,6971,1302263,11,4,1,777,3634099,11,7,15,10,10,10,8,0,1,1
191,1150,8688,6389,1063,6777,2149653,12,3,0,894,4232578,3,6,12,11,8,25,5,1,1,1
192,4804,4888,3844,2697,5068,4651423,7,7,1,459,2177214,7,1,9,3,10,20,2,1,1,1
193,2863,7391,4983,2902,6037,1336515,14,1,0,534,3105739,4,6,7,9,4,3,10,1,1,1
194,2420,5940,13620,1471,2692,1733688,7,4,0,325,802884,14,1,15,12,11,47,8,0,0,0
195,2481,1285,14061,2586,4011,2104239,7,5,1,674,2976917,10,8,5,7,10,12,9,0,0,0
196,3248,3714,14038,2820,4514,1454286,14,6,1,676,3211549,12,5,12,10,10,5,1,0,1,0
197,3228,4636,19037,2592,6372,4991752,9,7,1,645,1700663,12,4,8,11,4,2,3,1,1,0
198,4975,7230,17769,2921,4181,1225948,13,9,1,346,3793877,14,2,16,13,7,39,1,0,1,0
199,707,2174,19118,2582,5458,8238636,12,4,0,596,2062750,4,2,11,10,9,20,3,1,1,1
200,2971,5258,7656,2685,5680,7411209,9,7,1,721,1857059,8,6,5,3,5,46,10,1,1,1
201,4786,8931,18946,1382,1954,3038268,11,8,1,450,3539001,10,8,19,5,2,35,5,1,0,0
202,3129,9945,14387,1954,6196,1561313,6,1,1,390,467117,3,7,14,4,11,10,6,0,1,1
203,3289,7657,4037,1831,4308,3169550,13,9,1,520,3130144,11,4,9,8,7,28,5,0,1,1
204,1380,5671,8859,2084,6352,7597060,10,3,1,681,467926,10,1,10,8,9,34,9,0,0,0
205,3642,7502,10481,580,1081,9790719,11,4,0,463,2343456,12,8,9,12,8,46,6,1,1,0
206,2369,4504,14166,1862,5765,9083816,11,9,0,493,4255762,14,5,9,8,7,25,10,1,0,1
207,1684,9656,19662,946,6178,7583346,12,1,1,362,3763735,14,2,8,4,6,49,3,0,1,1
208,3874,2510,13888,2938,5112,8888873,8,9,1,445,4278058,8,5,9,10,9,15,2,1,1,0
209,4998,9367,3696,1201,3314,1574563,9,5,1,504,3853981,9,2,17,13,6,17,3,1,1,0
210,3079,1274,13012,1898,4076,9672762,7,4,0,817,2242519,5,9,6,7,7,7,9,0,1,0
211,2422,3483,18760,1942,6927,6417436,14,9,0,468,3593593,11,6,18,10,11,17,5,1,0,0
212,523,6159,5741,1810,5179,7643907,7,3,1,613,2306275,11,6,11,10,4,2,8,1,1,1
213,1774,4082,5000,2120,6225,6687673,11,4,1,386,565068,7,3,15,8,2,36,7,0,1,1
214,3274,3795,8719,2487,3562,6004439,7,9,0,555,2905955,3,9,6,13,8,39,4,0,1,1
215,2830,5942,13861,2482,6632,5282517,10,8,1,751,1955055,4,9,12,8,4,47,2,1,0,0
216,2140,4822,3285,1597,5195,3560822,6,4,0,377,3655501,11,2,6,5,4,12,3,0,0,0
217,4808,7658,6714,2937,5712,9376757,14,8,0,452,1179461,14,2,16,10,5,17,1,1,1,0
218,3387,3470,5269,1415,5666,7898606,10,6,1,370,1604577,11,3,6,8,11,2,7,1,0,1
219,1702,3768,3252,2870,3804,9474222,7,7,1,467,2796531,13,1,15,13,7,31,5,0,1,0
220,1705,1368,3439,2854,2188,3018665,6,9,1,326,809572,5,6,11,4,4,1,3,1,0,1
221,1294,6142,13673,2602,3060,4508692,13,5,1,553,2911792,9,7,13,3,11,32,5,1,0,1
222,3697,6986,9367,683,1807,2723630,10,9,1,636,1820882,14,1,8,3,2,10,4,1,1,1
223,3680,7001,14951,2455,4508,3035392,14,9,0,718,2043584,7,6,17,5,9,44,9,0,0,0
224,1236,8651,9054,1434,2058,9218301,10,4,1,306,328606,14,8,12,13,7,36,6,1,0,0
225,2669,2552,19429,2105,6584,7347329,12,2,0,498,2157831,9,7,17,12,5,49,9,0,0,0
226,1576,2874,16160,1694,4177,1399116,14,4,0,477,3162510,14,6,11,9,4,38,10,1,0,1
227,2298,9125,13039,1993,2321,1228883,6,9,1,369,1852048,5,7,5,14,9,3,3,1,0,0
228,1225,8973,10200,1419,3915,2277818,11,7,0,417,258250,4,8,11,10,6,25,5,1,1,1
229,4874,1623,16293,2317,1615,7561909,14,8,1,642,3988599,3,4,6,9,5,49,7,1,1,0
230,1556,1383,3700,2809,1161,9532980,6,5,0,706,2908908,11,6,18,8,6,8,1,0,0,0
231,3259,7648,6845,1162,4095,1070089,6,1,1,555,1697421,11,2,5,9,6,16,2,0,1,0
232,2606,1333,14036,1579,3094,3414445,9,1,1,520,1212185,12,9,17,11,9,21,9,1,1,0
233,957,5066,19628,701,3137,7050568,13,2,1,616,1517633,13,3,6,9,8,26,7,1,1,0
234,4040,2134,3437,2031,4387,1920558,11,9,1,400,4151989,14,7,11,10,2,46,3,0,0,0
235,3315,5033,8057,2029,3124,1026403,7,2,1,411,2767774,14,9,13,13,6,47,8,1,0,1
236,3995,4861,15809,2079,2159,1949172,11,1,1,707,3604221,10,4,18,12,6,2,5,1,0,1
237,2006,3864,11992,723,4153,9119602,12,9,1,343,3152258,5,3,15,14,5,30,10,1,0,1
238,3461,4718,18630,1909,5741,9181439,7,5,0,477,1743291,11,8,12,12,10,40,3,0,0,0
239,4750,4446,15482,2226,6116,2367554,14,5,0,302,921284,3,8,6,4,11,21,5,1,0,0
240,4405,3188,17333,2360,1620,2995756,9,9,1,771,2335370,11,2,16,6,9,38,9,0,1,0
241,4718,2117,13422,2880,4791,9410541,14,6,0,368,471396,5,3,7,14,3,47,8,1,0,0
242,2126,6661,6096,1878,2598,3059851,6,1,0,808,284288,11,5,15,3,8,29,4,0,0,0
243,4314,6243,15751,1670,4345,6109136,6,7,1,812,1819338,4,1,17,10,8,43,7,1,1,1
244,969,1109,16634,2185,3890,6247052,8,9,1,844,4596231,7,1,6,14,11,11,3,1,0,1
245,2718,1637,7556,659,2504,8874659,12,9,1,817,4154630,12,5,12,12,11,36,1,0,0,1
246,4840,2468,6950,2789,1064,3463724,8,8,1,555,154335,11,3,13,14,5,27,7,0,1,1
247,1790,3918,6969,1934,3115,2899571,7,7,1,858,4701973,6,3,10,10,6,21,7,0,1,0
248,2785,9787,6119,1309,1602,733886,11,5,1,729,4687052,13,1,13,4,9,16,1,1,0,1
249,869,5277,18730,2651,5347,1838386,13,2,1,557,882944,7,6,10,7,9,21,5,0,1,1
250,887,1412,4090,2071,6561,7808296,8,4,1,789,774683,10,6,13,3,11,44,8,0,1,1
251,1469,1656,5044,707,5919,9642535,14,9,1,479,1141847,12,3,15,9,8,38,9,1,0,0
252,4784,9663,14560,2159,2808,6304198,6,5,0,617,4232430,9,1,12,3,4,36,6,1,1,1
253,1448,2926,11768,608,6884,9651046,9,8,0,780,1810577,4,8,11,6,6,29,7,1,1,0
254,3243,1894,18536,2412,6705,4760735,12,3,1,685,307106,13,2,9,13,5,46,9,0,0,0
255,4749,4779,15963,1283,1165,3233978,7,6,1,832,1819034,9,6,9,3,6,42,6,1,0,0
256,1663,8645,7509,902,1713,9801288,11,4,0,468,3330938,8,6,19,10,3,16,4,1,1,0
257,1186,6224,9529,1398,3307,1529520,9,1,0,624,2608615,11,8,15,7,6,5,5,1,0,1
258,1552,1739,19172,2510,3487,6879039,6,7,1,399,88948,14,2,19,7,9,6,6,0,1,0
259,2293,8692,7403,1985,2539,1048622,14,1,1,785,431118,9,7,13,8,10,43,8,1,0,0
260,2460,4142,2715,2254,5038,7569479,13,5,0,732,521810,6,1,5,3,3,30,2,0,0,0
261,2262,3954,9840,1977,1127,9383066,14,9,0,865,2623770,14,6,14,4,10,4,1,0,1,1
262,4413,7547,15168,2756,6564,4326865,8,7,1,448,39118,5,8,5,4,7,28,9,1,0,0
263,2498,4477,5107,1305,1364,9488759,9,6,0,336,1057497,10,2,8,7,7,31,7,1,0,1
264,4070,3087,19807,2330,2006,8714502,6,3,0,469,3581103,14,6,16,14,9,20,5,0,0,0
265,1064,5464,6577,2177,3967,2492525,12,8,1,827,2847665,9,6,15,3,2,8,9,1,1,0
266,3875,4774,8430,842,6668,9351402,12,5,0,611,140096,12,5,16,12,4,15,10,1,1,0
267,1710,7903,7151,2082,4469,4231496,9,1,1,683,4048544,8,2,13,5,8,32,5,1,1,0
268,3650,6952,3917,922,2697,3018599,6,1,0,608,162158,4,5,8,7,10,27,6,1,1,0
269,4146,3658,4017,1329,6705,9681493,7,2,1,538,1389034,10,6,16,13,4,5,4,1,0,1
270,4629,3364,16282,1298,6040,7574684,12,6,0,559,573337,6,7,15,4,8,23,4,0,1,1
271,3817,9000,8740,1376,4604,5621269,14,8,0,751,2042457,12,2,12,7,11,43,5,0,0,0
272,4529,8773,3801,824,4312,6238605,7,9,1,517,4046130,5,5,9,9,8,46,6,0,1,0
273,4074,4739,9123,2823,1943,3733975,8,7,0,764,2809886,14,3,19,8,4,49,10,1,1,1
274,3299,1822,3042,2773,4098,6819374,6,6,0,588,360250,8,3,13,7,5,39,3,1,0,0
275,4726,5306,12731,1286,5896,4626749,11,1,1,858,4877681,10,2,14,4,4,11,7,0,1,1
276,2666,4379,8825,683,3343,5404737,13,3,1,606,1308314,14,5,5,14,8,4,8,0,1,1
277,4456,2635,15096,2176,1864,2664713,9,1,0,478,2190520,10,3,13,12,11,23,7,0,1,0
278,1546,9099,13845,2000,3077,9725904,7,1,0,317,512081,13,2,14,13,7,40,3,1,1,0
279,4479,3306,14942,1996,6162,5181199,7,9,0,766,104624,5,9,18,9,2,49,2,0,0,0
280,3944,2149,10969,514,2796,8517258,9,8,1,850,4525371,6,7,18,5,2,32,2,1,1,0
281,4259,7128,3287,731,3712,9963160,7,6,0,334,3304686,10,7,15,5,4,2,1,0,1,0
282,2895,3290,13764,1376,3876,6639551,13,9,0,882,4790531,11,9,12,4,10,41,4,0,0,1
283,1609,1990,6093,1894,3467,4487651,9,6,0,780,2424001,7,8,9,8,2,43,4,1,0,1
284,1625,8956,13476,2648,6080,733817,10,4,1,636,3601352,11,9,11,10,6,40,2,1,1,1
285,4861,3212,16878,1488,1931,809473,10,3,1,891,3443214,6,5,7,13,4,24,10,0,1,1
286,554,4542,10677,1176,2983,6065642,8,7,0,606,3796140,14,7,5,13,11,10,1,0,1,1
287,834,6147,4467,945,2390,6268761,13,9,1,372,170609,10,2,17,7,2,11,10,0,0,0
288,3170,8736,7722,2126,6513,9891883,13,6,0,752,1152896,3,5,12,7,3,25,6,0,1,0
289,842,9285,9144,1418,4336,9614546,9,4,0,356,2403519,11,3,17,4,6,28,10,0,0,1
290,838,6610,8986,2904,2551,5591070,6,9,0,638,1160059,4,4,8,9,6,14,3,0,0,0
291,2525,5913,10060,1599,5611,7878715,11,7,1,630,117934,14,5,14,5,2,2,1,0,0,0
292,2240,3646,9352,836,1410,1354867,6,4,0,727,4286568,8,6,14,6,4,7,7,1,1,0
293,4379,7454,13054,546,4730,2247427,14,4,0,601,2694480,11,5,14,12,3,23,4,0,0,1
294,1016,7464,7724,1566,6567,2419071,9,7,1,463,1616142,13,4,11,10,2,45,6,0,0,0
295,2419,7135,14761,2162,6659,9462402,6,2,0,676,2533482,5,3,16,13,6,47,5,1,1,1
296,882,2635,11572,2923,3166,7288530,11,8,1,896,482920,7,8,10,3,11,5,6,1,0,0
297,1891,9173,4898,823,6625,9635056,14,5,0,353,2236120,5,6,8,3,3,15,2,0,1,0
298,1361,1180,16687,2136,4475,8935936,14,3,1,330,668834,6,3,12,6,8,7,1,0,1,1
299,3442,1468,19841,1546,5330,3737432,9,9,1,515,4460584,12,5,12,7,4,16,7,0,1,1
300,957,7811,2813,2948,4338,1234329,13,5,1,489,1971906,9,1,5,14,7,13,10,1,0,1
301,4142,4274,15718,1701,4716,9376373,7,1,1,329,3534472,7,9,19,14,6,20,10,0,0,1
302,4222,1457,14327,706,4240,1564123,12,7,1,303,3502352,6,8,9,12,10,12,9,0,0,0
303,4205,8380,13989,2078,5345,911029,8,7,1,553,3323773,11,7,17,7,8,35,2,0,1,1
304,590,8759,7907,2717,4128,1152227,13,6,1,640,566838,3,8,16,11,3,35,6,0,1,1
305,534,9274,12508,2209,1487,1619664,9,4,0,618,3556532,10,3,5,12,10,1,5,0,1,0
306,2596,9116,10132,2426,4673,6284846,8,1,0,682,2413387,11,3,7,9,9,15,10,1,0,1
307,1695,5871,13917,811,4912,5900634,8,9,0,474,2238872,3,8,13,14,5,9,9,1,0,0
308,1159,3428,18117,2525,4976,9212498,14,1,0,598,1404557,9,5,16,12,4,23,8,1,0,0
309,766,7098,5888,1976,4299,9296436,10,2,1,510,4903510,5,9,5,10,4,41,4,1,0,1
310,1480,1880,6944,1311,5357,5700400,11,6,1,896,3884757,9,6,15,6,2,41,7,0,0,1
311,4226,4097,19342,1782,4969,8241340,8,9,1,874,4862059,5,9,6,4,6,17,6,1,0,0
312,3996,8384,2027,1818,4031,1094357,12,7,1,439,4408359,7,3,14,11,2,8,10,0,0,0
313,4911,6627,3298,2495,3482,2262963,11,8,0,691,2764415,7,3,17,14,4,23,4,1,1,0
314,3753,1364,13593,591,5485,8298522,10,7,1,514,2921620,4,4,6,7,4,42,3,1,1,0
315,4262,8238,14216,2152,3636,2122698,10,9,0,782,1492862,6,3,15,5,6,48,3,1,1,0
316,2967,5796,9013,2666,1401,1307161,10,8,0,801,3259550,6,7,10,12,4,47,6,0,0,1
317,1090,6252,14954,810,3310,1050954,7,4,0,415,1612724,10,4,19,6,6,8,7,0,1,1
318,3137,7936,6880,751,2096,4279327,12,2,0,540,4750660,9,8,9,11,10,29,5,1,1,0
319,3611,3195,2077,2460,6138,9639956,11,6,1,850,152413,4,7,15,4,6,28,6,1,1,1
320,706,4059,12817,2640,3388,7693629,9,7,1,644,658067,14,7,15,3,4,29,3,1,0,0
321,3867,4348,12341,1910,3237,6788147,8,1,1,690,1573182,13,6,17,9,3,21,10,0,1,1
322,3987,8380,18361,1768,1477,1622946,7,7,0,498,371511,5,7,10,3,10,14,2,0,0,0
323,3250,2656,2954,1941,4722,6268612,11,5,0,617,1437005,5,2,8,4,3,31,1,1,1,1
324,4748,8515,13704,2470,5754,3988217,13,1,0,487,1433675,7,4,7,9,5,17,5,1,1,1
325,2447,7488,8856,2158,4218,9183438,12,3,1,435,1698947,10,7,16,3,2,6,4,1,1,0
326,818,9703,3506,587,1830,540898,9,5,0,672,709965,8,7,9,3,8,38,1,0,1,1
327,1040,8918,9436,2514,3573,1932934,6,9,1,568,3505157,3,8,17,7,6,24,8,0,1,1
328,3143,1682,8024,2317,2794,6038528,11,9,0,735,3093860,13,2,10,5,6,0,4,0,0,1
329,3049,9576,8959,2434,3758,3699119,11,7,0,888,3761201,3,9,7,5,9,19,10,0,1,0
330,1634,2440,4952,2892,1550,749634,12,5,0,751,3097036,10,4,12,13,2,37,8,0,1,0
331,3163,7410,6684,1723,1163,4843422,6,2,1,477,2413595,8,5,7,5,8,35,9,0,1,1
332,3571,3656,7217,2832,3385,9703274,7,7,0,597,3957598,12,5,5,10,9,6,4,0,0,0
333,4587,9087,10112,2938,2288,1080208,7,2,1,328,2211011,6,2,13,13,9,44,5,0,0,1
334,723,6103,18690,760,2337,4744221,13,7,1,714,2853923,8,9,17,10,8,48,7,0,1,1
335,1951,5634,2280,832,4128,5718530,12,6,0,398,979515,7,2,7,12,8,5,8,1,0,0
336,4156,9227,5387,1416,5959,4064666,9,7,1,824,1713195,13,7,11,11,2,14,1,1,0,1
337,4489,4860,3077,573,6703,4838595,14,2,0,677,3677753,9,7,18,13,11,42,4,1,1,1
338,2863,7975,7550,1636,3106,1226903,11,5,0,782,2171943,5,2,15,10,7,4,4,0,1,1
339,3378,8862,3416,1297,1477,4611982,14,9,1,536,1144695,11,3,5,10,8,22,9,0,1,1
340,1056,4911,15584,1579,4525,1886739,10,4,0,582,385684,7,9,10,7,3,34,1,0,0,0
341,3287,5226,9799,1115,1905,8576395,6,9,1,323,1209801,6,7,9,12,11,39,5,1,1,1
342,2404,3656,15734,1719,5640,3483693,12,6,1,487,1955089,11,4,12,12,9,10,10,0,0,0
343,1149,3206,17925,1026,1591,4322238,8,4,0,352,2071905,7,9,7,6,2,32,7,0,0,1
344,4624,7210,3793,1598,6717,3166150,11,3,1,480,3529558,11,6,8,14,10,6,10,0,0,1
345,2104,9404,14756,1623,2112,741973,14,4,1,305,3282165,11,3,11,12,10,6,8,0,1,0
346,3357,7265,12250,1303,5482,4532060,7,5,0,844,481421,6,8,16,5,6,5,1,0,1,1
347,1243,3630,17241,828,1054,2253772,9,6,0,348,3896842,9,1,18,14,10,9,6,1,1,1
348,4204,3655,9796,986,4750,2814403,6,3,0,881,4516209,9,5,10,7,4,35,5,1,0,1
349,4181,7509,12414,1256,5372,7611839,9,5,0,614,1701636,3,8,9,4,4,2,6,0,0,0
350,3288,9867,10421,1600,6345,4302491,6,6,0,610,4002921,6,6,5,4,9,48,9,0,0,0
351,2924,3467,15565,2510,5718,3273718,7,7,1,619,952736,6,6,18,12,6,49,4,0,0,1
352,1251,9576,4321,634,4848,4869752,9,8,0,894,977540,6,8,10,6,9,31,4,1,0,1
353,2851,1983,10376,2310,1108,2254568,9,8,0,537,2928497,4,7,11,5,4,37,8,0,1,0
354,2375,4166,15391,635,5367,1983974,13,5,1,873,2686274,4,4,12,11,5,24,1,0,1,1
355,713,8393,3177,812,1809,6725226,13,9,1,498,2883473,4,4,17,3,9,35,7,1,0,0
356,4079,1533,15128,2102,3190,856926,10,3,1,696,3192336,8,3,18,7,2,24,3,1,0,1
357,2859,2732,11850,2069,3740,6052680,12,8,1,852,4999607,8,8,10,14,2,23,3,1,0,0
358,1683,1557,15111,1925,1541,8722512,9,8,1,327,1907755,5,7,16,5,8,32,4,0,0,1
359,2520,5654,10674,1056,2614,6342675,9,9,1,556,1089381,3,9,17,5,2,23,5,1,1,0
360,3358,4937,12787,1012,6094,5779494,7,3,1,619,1515072,7,7,15,10,11,23,8,0,1,0
361,2791,1766,12738,2863,5909,2139493,6,1,0,788,571841,11,2,18,11,11,17,8,0,1,0
362,792,4980,19634,1674,5898,3964852,9,6,0,454,992297,5,1,13,13,3,33,1,0,1,1
363,2027,3989,10659,2066,5982,8231893,6,9,1,397,3977217,5,8,13,8,6,48,3,1,1,1
364,2804,2259,15558,2611,1741,8621110,6,4,1,816,909990,11,1,14,6,7,18,8,0,0,0
365,1940,4729,9448,2875,6056,5233231,10,4,1,668,4916914,11,5,6,11,9,22,7,0,1,0
366,3482,8624,10652,616,3587,9529975,12,5,0,862,265694,6,8,8,13,10,5,9,1,1,1
367,3339,3118,19476,2488,6863,4884332,10,3,0,644,1777604,6,4,17,12,2,46,8,0,0,0
368,2520,9354,15484,1222,5675,5854535,10,8,0,640,802165,9,9,6,13,5,1,8,1,0,0
369,3474,7793,4012,2641,1047,2500068,7,9,1,802,2015712,6,5,11,14,6,1,8,1,0,0
370,4772,9438,8489,1538,3113,8624198,6,4,1,870,4529510,5,3,16,14,9,22,5,0,0,1
371,3822,4600,2766,1589,3574,4577041,8,2,1,478,1386400,10,3,5,14,5,4,5,0,0,0
372,4548,2400,12700,2727,1262,6628184,6,2,0,677,2675918,6,6,7,8,3,44,6,0,0,1
373,1910,6245,19387,2478,5200,3307231,12,5,0,332,4151803,9,1,17,10,5,6,5,1,0,0
374,972,5943,6580,2930,5665,7761227,14,4,0,846,2625988,4,9,7,11,9,37,1,0,0,1
375,1247,8287,12930,2153,2034,4343296,8,2,1,571,4629887,5,2,7,14,7,25,9,1,1,0
376,4581,7054,14917,1233,5127,5169385,14,8,0,795,4565536,5,8,5,5,9,14,9,0,1,0
377,4064,2179,10591,1119,4617,7295126,13,6,1,614,1503379,8,8,11,13,8,14,3,0,0,1
378,2731,3793,3493,2173,1099,1931076,9,8,1,586,695494,14,2,8,5,5,49,8,0,1,1
379,4007,3531,18818,686,1361,6304555,10,9,1,416,4079835,9,3,9,8,10,36,5,1,0,1
380,2659,8633,7939,1642,6178,5134440,12,4,1,416,2289598,7,5,14,13,9,45,2,1,0,1
381,3241,1428,8444,1818,6243,6246001,10,2,1,484,76315,10,3,10,12,2,47,1,1,1,0
382,3909,1116,13131,1710,4607,8044908,7,2,1,821,1659907,7,4,14,4,4,13,4,0,0,1
383,3093,4011,4190,2341,4847,867977,9,8,0,511,3702959,7,9,14,5,7,39,4,1,0,0
384,1167,7833,17303,1073,6066,5934675,9,7,0,860,603215,8,4,7,3,10,19,6,0,1,0
385,914,1836,4749,1024,4103,2582489,7,4,1,579,4958315,6,3,9,9,4,26,10,0,1,1
386,2775,9366,2355,2946,3366,3646084,13,9,1,657,644011,13,9,5,4,11,35,7,0,1,1
387,3244,6292,9147,1733,6572,6376778,9,2,0,797,2236895,8,9,9,5,3,3,10,1,0,1
388,3020,3177,15548,713,3628,703272,10,9,0,848,1626766,9,4,6,10,9,39,4,0,0,0
389,508,8993,3431,963,6705,4535828,8,3,1,341,4832970,12,9,12,13,4,19,6,0,1,0
390,3747,6643,13170,1256,1908,8744110,7,6,1,839,3832507,5,3,8,12,6,43,10,1,1,1
391,1324,1307,14878,2495,6621,7020445,8,2,0,784,1208383,6,8,12,14,3,42,8,0,1,0
392,3886,3884,18095,2881,4470,4711616,14,9,0,563,2019369,8,6,6,6,8,41,5,0,1,0
393,3714,2958,8858,1855,6419,7903950,9,5,1,636,4658853,6,9,10,9,10,28,9,0,1,1
394,1957,9674,15637,1176,4742,6169684,14,6,0,370,1464531,3,9,18,12,4,2,6,1,0,1
395,1923,1997,2848,2091,4220,4599928,12,9,0,507,2825952,5,3,8,14,7,22,7,1,1,1
396,727,5384,10750,1853,2166,7280450,13,1,1,850,4977041,3,3,18,9,3,44,7,1,0,1
397,4550,2666,3320,2664,1244,7205989,11,9,0,338,1610003,12,1,5,13,5,28,7,1,1,1
398,2544,6387,3526,1103,1588,8254159,8,3,1,450,4712894,13,2,11,9,3,41,6,0,1,1
399,4754,5269,15176,2347,2119,4057761,10,8,0,883,2132795,9,1,17,13,6,3,9,1,1,0
400,4681,9321,4442,682,6208,2961949,14,7,1,306,3127424,5,6,13,14,8,41,8,1,0,0
401,622,4838,14725,1496,3028,9021945,14,3,0,732,2790211,14,6,19,7,7,11,7,1,0,0
402,1728,1865,10300,1767,2703,5362274,9,7,1,538,3418456,7,9,19,9,9,42,1,1,0,1
403,1180,3679,2580,753,5023,4422591,6,1,1,893,4632859,8,6,12,13,4,46,9,1,1,0
404,3684,7314,8629,2515,4052,4923458,14,8,0,369,622161,11,8,13,4,2,18,6,0,0,1
405,3720,1168,11276,2923,4127,7679532,10,4,0,557,3822864,5,3,18,7,8,18,7,1,0,0
406,1805,7863,3949,2322,1206,5656365,14,4,0,660,3317553,5,6,5,14,2,48,8,0,1,1
407,1669,3816,16234,522,6227,2408903,12,1,0,683,3182931,10,4,15,5,7,6,5,0,0,0
408,1268,5329,9976,2487,6170,4762273,7,7,1,399,1105478,8,1,18,12,5,40,3,0,1,1
409,4340,5937,18159,729,2049,1008288,14,7,0,484,1708827,6,5,11,14,2,33,4,1,1,1
410,1576,8022,19641,2972,3607,5500435,12,8,0,875,2391204,9,7,9,11,3,4,3,0,0,1
411,4855,6739,15566,2966,2760,3900704,13,7,1,842,2124908,6,2,19,5,3,16,2,0,1,0
412,1164,1275,7942,1618,4609,2133562,11,6,1,884,588827,8,6,12,12,5,4,6,0,0,1
413,4903,3214,5955,1789,5191,9469491,7,6,0,854,3542548,4,1,6,9,10,34,1,0,0,1
414,750,3612,9830,696,1446,7795806,12,5,1,677,848769,14,3,10,8,2,24,5,1,0,0
415,4332,1952,3593,2017,5149,7558358,7,8,0,354,2155660,9,5,11,11,3,42,1,0,1,1
416,1068,9712,15243,1449,5857,4507358,14,2,0,642,3219786,6,9,10,10,9,21,2,1,0,0
417,927,9782,16440,2558,4651,550862,13,9,1,862,3192775,10,7,12,12,6,39,3,0,0,0
418,3561,6495,7589,1810,6545,9016138,6,7,1,544,2834195,3,8,11,11,10,13,2,0,0,0
419,634,2063,11275,2245,6098,509219,11,1,1,742,1936259,5,9,15,3,2,7,6,1,0,0
420,2692,1557,10393,1055,5789,9104125,12,9,1,601,3908384,3,6,10,10,10,37,3,1,0,0
421,3623,4744,15875,1451,6753,1218339,12,3,1,774,2318169,8,4,18,5,2,41,9,1,1,0
422,1280,4481,10321,567,6332,6163714,10,7,1,509,833140,8,7,9,13,3,21,2,1,0,1
423,948,5506,8014,810,3755,2811663,9,2,1,649,3731532,8,8,16,4,8,43,10,1,0,0
424,4477,4708,3862,920,4706,3592343,11,9,1,719,3830165,3,6,10,6,10,30,1,1,0,1
425,2410,5965,14931,860,3520,8410572,10,3,1,634,3574186,12,7,5,11,10,22,4,0,0,1
426,1390,4612,19458,1033,1731,7269894,14,5,0,787,1372413,9,1,17,10,3,0,10,1,0,0
427,2944,5612,5510,1143,6687,7265821,12,4,0,721,4495212,8,1,6,7,10,24,5,1,1,0
428,2351,7737,17385,1408,4747,6240041,10,1,1,602,2924111,9,2,6,5,11,9,4,0,0,1
429,2614,5705,12026,1144,3435,2242490,10,3,0,839,703724,4,3,5,7,8,24,9,1,0,0
430,4599,7818,4432,850,6059,7772346,7,5,0,426,1945631,14,6,18,4,11,43,6,1,0,0
431,2410,5650,14301,1354,1652,2323878,9,1,1,523,2093109,8,7,14,11,8,20,3,0,0,0
432,3824,8605,19091,2684,5688,6014974,12,8,1,681,77462,12,5,7,4,7,28,10,1,1,1
433,757,2190,3098,2839,6635,1169951,7,6,1,647,714797,7,9,7,6,7,16,7,1,1,1
434,1806,8070,19299,2084,1781,6624071,10,2,1,478,3040238,6,6,8,7,5,35,9,0,1,0
435,1226,6049,10880,1314,3258,8426772,12,1,0,592,4507178,11,6,7,6,8,10,8,1,0,0
436,680,2701,18976,576,5972,3268337,13,1,1,713,900430,11,7,7,3,6,1,3,0,0,0
437,898,6740,16023,1048,2335,1757767,7,7,1,851,4209199,13,3,9,7,7,4,2,0,1,0
438,3782,3979,11626,748,6125,6798492,14,6,0,806,4222322,11,6,9,12,7,13,10,1,1,1
439,3677,4918,19177,2823,5348,1108714,9,9,1,793,1902173,4,8,15,9,7,11,8,1,1,0
440,2468,7304,3356,2878,1665,2666231,13,2,0,435,2480337,14,7,7,14,10,25,8,0,1,0
441,4444,4699,15327,756,6452,2732547,14,3,1,897,1982733,14,6,8,12,11,2,4,1,1,0
442,1417,1846,2178,1980,1270,2797942,11,4,1,880,698013,6,9,6,11,7,23,5,1,1,0
443,2610,5773,7298,2081,4388,5772317,13,3,1,754,4343499,7,7,17,6,9,21,4,0,0,0
444,4702,4560,8218,798,1660,7068160,14,4,1,505,2837607,11,7,8,14,8,18,5,0,0,1
445,4600,9758,5119,584,5428,5840943,8,7,0,502,2581063,8,1,14,12,7,0,1,1,0,0
446,2477,2050,13640,609,3408,1761668,7,9,0,500,2497269,10,4,7,8,9,14,7,0,1,1
447,3299,6982,4779,1605,2544,9135525,8,8,0,753,2327614,13,4,17,9,6,12,4,0,0,1
448,3541,6222,18736,2269,2284,9798759,14,3,1,341,3765452,5,4,7,13,4,29,5,0,1,0
449,3589,6878,10227,1166,4039,7515037,13,2,0,769,4901386,9,7,12,9,2,11,9,0,1,1
450,2541,9581,12434,1278,6795,7763705,6,9,1,858,827471,4,3,14,10,4,49,1,1,0,0
451,1328,3542,9429,2930,3528,6064154,7,2,0,853,402132,7,1,11,7,10,41,6,0,1,0
452,2374,4171,11043,2068,3504,4818396,10,1,0,643,3166867,11,2,17,4,6,18,2,0,1,0
453,2998,3770,11392,1589,2234,4686247,10,5,0,418,380920,4,5,11,11,6,17,3,0,0,0
454,1059,6419,3577,2802,6738,5515585,7,7,1,393,1624914,5,9,9,12,7,28,4,1,0,1
455,1853,7916,4123,1071,3403,863036,8,9,1,404,1255988,8,1,7,4,10,39,8,0,1,1
456,3984,2315,3233,2089,6130,6764848,11,4,1,839,2351055,5,9,10,14,10,0,7,1,0,1
457,1346,7485,19022,2875,5745,6511246,14,6,1,651,3369835,11,8,18,14,2,14,10,0,1,0
458,1885,7040,5702,2951,3918,9851150,9,2,0,532,4646883,14,6,14,9,4,40,5,0,1,1
459,4220,2978,9691,2180,3929,9309683,9,6,1,305,928452,6,8,10,3,8,24,8,1,1,1
460,3107,6629,3249,1106,2245,7886774,10,5,0,325,4205782,11,7,17,12,11,6,10,0,0,1
461,1854,9374,17139,1063,4180,3336615,8,9,0,357,1110641,9,4,7,3,11,37,1,0,1,1
462,3958,7021,4682,825,3838,6969276,12,3,0,509,1897345,13,8,9,9,6,46,5,0,0,0
463,1412,8966,19123,1582,3230,1488938,7,6,1,874,4119132,14,4,16,6,3,48,1,0,0,0
464,4986,9101,8656,623,5313,2993905,6,9,1,784,938260,12,2,17,4,8,45,3,1,0,1
465,2236,5828,18445,501,4540,9150961,6,5,0,567,1329762,12,5,7,7,5,13,3,1,0,0
466,1554,8694,12923,1572,4666,8706973,10,3,0,622,4178324,14,6,14,5,11,26,9,1,1,0
467,1473,4361,10573,2270,2450,8997480,11,8,1,665,3075695,9,3,5,7,4,45,5,0,1,1
468,957,4114,13168,1140,3900,3465160,11,4,0,320,1501088,7,5,10,14,7,21,7,0,1,1
469,2718,6487,7464,643,2060,599920,9,7,0,616,3494579,4,2,12,6,8,39,10,0,0,0
470,4730,4433,6966,629,3257,9166628,6,6,0,758,2262150,14,7,10,4,8,48,7,1,1,1
471,2231,7842,17566,1809,5778,2505413,9,9,0,389,2350307,8,6,12,6,8,31,9,1,1,1
472,2424,3402,9744,1859,1838,6779865,11,4,0,881,1568128,7,4,10,9,4,34,4,0,1,1
473,4587,3064,6244,2495,2019,7322833,10,6,1,823,3471644,4,2,15,5,6,1,10,0,0,0
474,4674,2812,12375,2175,2418,3581975,9,9,1,848,4702263,11,3,17,5,4,31,3,1,0,1
475,4810,8447,15640,2911,5123,7159080,13,9,0,467,1544859,11,4,8,4,2,38,2,1,1,1
476,3959,3294,6908,1231,4438,829146,7,1,0,624,3977790,14,6,19,12,7,28,6,0,1,1
477,3217,8374,3179,2345,3971,3127492,12,1,0,452,1703157,8,5,19,5,2,22,8,1,1,0
478,2769,3555,15965,1723,5561,8054818,12,2,1,800,374483,13,6,7,4,7,14,10,0,1,0
479,2878,5440,14809,1641,5512,1531318,13,5,1,723,3445099,5,3,5,4,2,43,2,1,0,1
480,1586,2074,3185,2810,4461,2904780,10,4,1,532,1041444,8,2,6,7,6,33,1,1,1,1
481,2991,6645,12366,1996,1489,9215264,11,9,0,780,1111293,11,7,13,5,10,24,8,1,0,0
482,2415,7877,2332,1527,5900,7376406,13,2,1,816,2310117,4,7,16,9,11,35,1,0,1,1
483,588,3137,18038,2933,5034,927021,9,2,0,812,2738228,3,6,14,6,5,23,9,1,1,1
484,629,2779,4061,1787,2573,3055160,13,3,0,617,4092428,3,3,12,14,3,36,8,0,1,1
485,4062,8037,7337,2914,4108,5287021,10,8,0,720,1874930,14,9,16,8,9,33,9,1,1,0
486,3053,8989,12591,2810,1633,2230292,13,4,0,621,3617081,4,4,13,8,11,3,2,0,0,0
487,2521,7470,12758,2949,3421,2890940,12,4,1,360,2327426,6,3,18,5,2,21,4,0,1,1
488,4844,2089,12441,2587,5851,4553220,6,1,0,889,3356476,12,8,10,11,11,12,2,1,0,0
489,3512,3682,17021,1778,2366,8872566,7,1,0,446,2465628,4,2,10,3,9,48,3,1,1,1
490,2684,3357,19771,2041,2534,3668954,8,1,0,569,2783664,9,6,14,3,7,27,2,0,1,1
491,1403,2180,14383,1038,3486,5296300,12,6,0,623,2911902,4,4,17,5,9,42,8,1,1,1
492,4970,5112,6879,1390,3355,3125971,11,3,0,511,2758611,11,1,11,10,9,14,10,1,0,1
493,2017,8414,4074,550,6006,3836149,10,9,1,337,3466106,5,5,13,9,9,42,6,1,0,1
494,511,1780,19462,1320,1214,7227516,10,6,0,303,1434852,14,7,16,3,10,5,6,1,1,1
495,2669,6568,14822,2487,2841,5566176,11,5,0,384,2303833,3,5,12,14,11,34,7,0,1,0
496,3611,4023,9401,1156,2215,537691,7,6,0,793,1853820,13,1,16,7,10,46,4,1,1,1
497,980,3985,17541,2674,6634,2247190,9,8,0,373,4538728,14,4,17,5,4,38,5,1,0,1
498,3679,7247,4233,2507,6466,814064,7,4,1,581,3892162,4,2,16,3,5,1,7,0,1,0
499,4814,6584,3961,821,2566,6561421,13,1,0,663,2566927,13,2,15,5,9,49,7,0,0,1
500,4641,3383,4381,2958,5987,4639206,12,1,1,530,3708387,7,9,6,8,4,12,6,1,0,0
501,1844,1052,4969,2252,6705,5350414,14,8,1,574,4614088,11,6,8,9,10,26,7,0,0,1
502,2002,1523,12072,2782,6623,6897019,10,3,1,364,1362374,4,7,13,14,11,7,2,0,1,1
503,1372,9760,2576,2649,5261,6172668,8,6,1,341,3264704,10,2,12,8,6,6,4,1,0,1
504,529,6421,13261,1474,2805,9161395,14,2,0,425,55737,6,1,10,12,5,45,10,1,1,0
505,2915,3737,18798,2346,1013,4965871,10,8,1,890,254105,12,8,6,8,2,23,2,1,1,0
506,3349,7563,9142,1388,5361,5376043,6,4,1,894,4997645,11,7,9,4,2,11,10,1,1,0
507,3643,9118,3721,1196,1383,9192583,10,8,0,453,4603981,7,9,6,10,8,24,1,1,1,0
508,4296,9982,16293,762,4058,6786870,10,4,1,844,74411,11,1,15,13,6,22,2,1,0,0
509,4114,5903,12533,1932,3468,5420006,12,4,1,602,3829174,4,2,13,3,5,35,6,0,0,1
510,775,1294,15268,1704,5700,2721010,8,9,1,653,2449616,10,2,6,10,11,13,5,0,0,0
511,3664,7749,18118,2037,1344,3132250,6,1,1,329,3997359,6,7,7,7,6,5,10,1,0,0
512,3105,9163,19209,2155,5001,3737500,11,2,1,656,1033905,5,2,9,4,7,1,4,1,1,0
513,4400,8547,2102,2427,4313,4869118,11,6,0,838,4728862,11,7,5,13,6,33,4,0,0,1
514,4796,9569,16587,1567,6903,7052498,14,6,1,334,4578464,7,5,7,6,3,42,10,1,0,1
515,1950,8200,6964,2274,6576,1039598,14,4,1,786,1915728,5,1,6,10,8,44,3,0,1,0
516,1348,2375,6439,1063,4362,9831571,11,8,0,334,3867418,12,1,17,5,7,2,4,1,1,0
517,4425,9326,5192,2382,6270,2127076,11,6,1,693,3723457,13,8,8,5,10,48,4,1,0,0
518,1663,6083,14785,2711,4845,1069706,11,3,1,884,4959599,7,5,7,4,9,39,4,1,1,1
519,2766,8133,4193,2497,2130,2747725,9,8,1,399,34916,10,4,6,11,2,23,4,0,0,0
520,2087,6259,3245,1610,1094,2377034,12,5,0,640,443935,7,2,8,8,6,28,10,1,1,1
521,3356,4793,8775,619,5351,5747428,9,8,1,755,4696046,8,8,16,8,4,29,5,0,1,0
522,3015,2823,13520,2344,4997,8205868,11,8,1,555,2957306,8,7,15,9,10,29,1,0,0,1
523,907,2781,17945,1622,1369,4186599,12,1,0,489,2814273,3,1,19,10,3,22,3,1,1,0
524,3500,3413,14313,2708,4794,4131487,9,8,1,529,640192,7,9,6,4,8,32,1,1,1,0
525,2070,6278,2059,1503,6152,9068531,13,3,1,426,2481925,7,5,16,6,4,17,4,1,0,1
526,1681,9322,13475,2677,4272,5715139,9,6,0,383,3921211,6,7,18,11,10,35,1,0,0,1
527,2994,5850,6810,1662,1126,4826281,13,6,1,345,3435509,8,5,17,14,2,45,2,1,0,1
528,4851,5957,15951,1842,6812,8538995,10,5,0,781,4202209,13,9,18,12,3,9,2,0,0,0
529,3693,8358,18548,1699,5864,8430198,7,3,0,498,4496277,5,7,17,5,10,13,10,0,1,1
530,1826,1532,4454,881,6374,9219726,13,5,0,702,4492699,14,7,13,10,8,21,3,1,1,1
531,814,1388,8036,2014,3071,8704398,13,2,1,484,3098021,12,7,11,7,2,14,9,0,1,1
532,2567,3121,4504,545,2474,1976235,12,3,0,707,577983,8,6,19,5,4,36,4,0,0,1
533,3700,4850,16006,918,1934,758697,13,9,0,513,793877,7,5,17,12,7,48,4,0,0,0
534,3856,5014,17706,1127,6572,6629323,11,7,1,352,3363551,5,3,19,5,3,2,9,0,1,1
535,3518,1875,16355,1221,3001,8888754,13,9,1,535,30729,3,2,8,3,2,12,3,1,0,1
536,2868,3881,12012,1881,3310,9697746,7,8,1,531,1761780,13,2,6,11,4,24,5,1,1,0
537,4684,9410,18767,968,3340,2081432,13,5,0,829,2901674,8,4,18,10,6,35,4,0,0,0
538,4718,9306,17583,2522,6144,1762336,12,1,1,397,2747956,12,9,12,7,6,6,5,1,0,1
539,3587,3403,10053,2867,2237,7756991,14,3,1,834,2747224,12,1,7,3,6,13,6,1,0,0
540,2978,4303,9062,1207,2770,8650434,12,7,1,556,3582041,6,7,8,12,7,44,2,1,1,1
541,1794,1084,2788,1370,2062,4324961,14,2,1,763,2879205,10,8,14,8,2,42,10,1,0,0
542,4897,8959,17213,2099,6911,4588484,6,2,1,568,1246834,13,8,12,6,9,15,1,0,1,1
543,4857,9758,12692,1492,4056,8729533,10,2,0,776,4281013,4,4,14,12,6,25,3,0,0,0
544,2967,2892,16494,1414,1719,855218,13,8,0,707,442195,9,7,7,9,11,27,4,1,0,1
545,4461,5713,12355,531,1535,3728565,14,2,0,576,3486210,14,8,16,14,3,19,5,1,1,0
546,1511,4267,9002,2084,1168,2331763,9,7,0,829,4335010,12,6,10,7,9,10,6,0,1,0
547,1708,2733,2650,547,2735,5143731,8,8,0,352,747553,6,8,19,12,9,43,9,1,1,1
548,3524,1960,19261,2569,4353,6401466,11,7,0,635,1991070,5,3,5,10,2,0,5,0,0,1
549,524,5496,10125,2882,6611,3181552,9,6,0,693,1437574,12,7,13,14,8,4,4,0,0,1
550,4153,5278,3510,1349,3172,8618921,14,5,1,860,997413,11,5,16,4,6,6,6,0,0,0
551,2540,2784,18852,2209,1210,660993,14,7,0,798,4589272,4,7,14,3,4,5,3,0,0,0
552,2684,4652,9271,1459,3632,3619926,13,1,0,791,2579833,11,3,10,5,10,43,5,1,1,1
553,3612,1420,17168,1315,3158,6151455,8,4,1,421,4065867,5,6,10,4,11,48,6,1,1,0
554,3563,8064,14470,1499,4109,6440679,12,3,1,856,563144,12,4,18,14,3,20,8,0,1,0
555,2646,1419,19745,2735,2902,9210648,8,8,0,490,2350600,5,6,12,7,10,34,4,1,1,1
556,4350,7804,4928,2930,3622,9922183,9,8,1,492,4455144,9,8,14,9,3,47,5,0,1,1
557,2169,3339,15101,2339,5705,2711532,14,5,0,738,2944300,13,5,7,7,11,36,8,0,0,1
558,4496,8795,3563,2795,6201,3547819,6,9,0,413,1077622,6,1,5,5,10,27,8,1,0,0
559,1413,1833,18075,1572,6685,1939292,11,6,0,812,3134740,9,9,8,14,10,37,3,0,1,1
560,1129,1756,15708,1546,4948,2526435,6,7,1,789,2754255,12,7,8,12,3,40,9,1,1,1
561,3973,3812,12842,1419,4642,5988666,13,7,0,872,1879874,12,9,18,7,11,9,6,1,0,1
562,2348,2826,15638,583,5016,540924,13,8,0,309,713303,13,5,8,8,5,35,6,0,1,0
563,3921,7619,10730,1170,5772,4207180,8,5,0,805,745865,11,8,11,5,10,21,1,1,1,1
564,2859,8565,6879,1807,5740,5421669,8,6,0,521,926023,4,2,16,12,7,25,7,1,0,1
565,4444,9524,10281,964,2482,4415821,12,4,0,888,2139733,12,2,16,5,4,25,7,0,1,1
566,2024,7082,7307,1519,2633,8252945,11,9,1,410,1314160,5,5,11,10,5,20,5,1,0,0
567,3014,9903,10048,1777,3976,6434868,8,1,1,846,1779793,4,3,14,5,3,35,9,1,1,0
568,3115,7046,12431,1808,6719,2255913,11,3,1,416,7485,8,9,6,6,11,26,6,1,1,1
569,1247,3932,2845,751,1311,2129704,13,5,1,491,2151287,5,3,16,8,7,41,2,0,0,0
570,1570,9398,9983,2399,5267,3797524,13,2,1,530,3939540,10,1,15,8,7,47,1,1,0,1
571,3483,9988,13218,1329,6045,8959815,13,6,0,815,4106181,12,9,17,10,2,45,1,1,1,1
572,1450,5679,18230,878,1212,1459049,9,5,1,454,2805294,13,6,17,9,3,43,3,1,0,0
573,3712,4935,16883,2592,3467,9494698,7,7,0,481,990931,4,9,17,11,2,38,2,0,1,1
574,1182,4586,13460,1582,2813,5202157,14,8,1,898,4188606,11,7,15,7,6,39,3,1,1,0
575,2964,5417,5326,1939,5929,8497590,10,6,1,600,1533200,13,4,17,8,4,6,3,1,0,1
576,1398,3514,2727,1505,1371,7373433,7,6,0,663,3390978,5,6,11,14,9,23,1,0,1,0
577,1278,8580,11164,2696,3403,2397407,12,8,0,620,3187724,10,9,10,3,4,43,6,1,0,1
578,3586,3350,5606,1125,6458,3227815,6,9,0,867,2560278,13,7,18,6,9,46,9,0,0,1
579,3591,8864,19822,2563,6590,6359011,14,7,1,753,2178769,8,4,7,10,5,43,6,0,0,1
580,2648,6358,9535,688,2452,709937,11,4,1,798,1989167,7,7,9,4,5,13,1,1,1,0
581,4418,6818,7607,1363,2270,8065288,14,4,1,497,1969645,13,2,16,5,3,33,2,1,1,0
582,1767,4914,16897,2052,4995,4638042,12,1,0,343,4596010,4,8,16,4,6,39,10,1,0,1
583,3312,9921,9625,2801,5556,1075380,8,2,1,461,2439567,5,1,16,9,6,37,6,1,0,0
584,2793,1017,12531,2856,1712,4324196,7,8,1,873,4531039,3,5,18,14,3,2,8,1,0,1
585,3623,6756,9327,530,1249,5946933,6,2,0,472,4192487,10,1,16,12,3,17,6,1,0,0
586,1339,6115,15737,1282,5104,3907122,7,6,0,733,1390230,8,8,8,9,10,36,4,0,1,1
587,2456,5036,6379,2371,2294,6440751,7,7,1,639,2323046,6,2,19,9,5,43,9,1,1,1
588,4951,9761,3610,1532,3904,2299127,10,1,1,641,2199196,13,6,12,12,7,12,9,0,0,0
589,3572,9766,18261,2660,6115,1253009,14,8,0,523,1277752,13,4,19,13,7,9,6,0,1,1
590,840,2891,13109,2843,6936,5529366,11,1,0,641,1807744,11,8,18,11,4,8,2,0,1,0
591,3619,2744,6350,1598,4183,6104719,12,8,1,648,1443559,11,2,13,3,6,7,6,0,0,1
592,2240,7824,17143,822,4804,3308185,8,8,1,640,1024650,8,9,17,4,6,44,6,1,0,0
593,3535,4303,19568,1179,2792,2209409,12,2,1,764,358062,11,8,15,3,7,19,1,0,1,0
594,3286,2849,18944,2635,2826,9119818,7,8,0,310,1634524,5,4,5,6,7,41,10,1,1,1
595,2086,6496,5546,769,5131,8982131,7,6,0,835,4852694,6,9,10,8,5,27,3,1,0,1
596,4309,4253,9353,1988,1678,7076961,9,8,0,508,3947398,13,3,6,4,8,15,10,1,1,1
597,2089,7015,18336,2136,4961,7082118,14,4,1,340,4566063,9,8,10,8,3,3,1,1,1,1
598,2342,7238,2948,1248,1379,4460092,13,6,0,540,1528694,11,5,10,9,2,28,8,0,1,1
599,4251,4859,2476,1906,6223,1047431,13,2,1,878,2763277,6,5,19,11,4,36,8,1,0,1
600,1305,1172,7233,996,4338,6563067,9,8,1,756,4305648,7,7,12,6,9,15,1,1,1,1
601,1609,7050,19249,2201,2508,3432829,9,1,1,833,4050500,10,6,16,4,4,5,3,1,0,0
602,1906,7683,12499,2990,3732,5522363,11,4,1,786,1342293,3,1,19,5,3,27,10,0,1,0
603,3427,8770,7326,1231,6570,7343070,14,2,0,435,3084392,4,5,16,6,3,11,1,1,1,0
604,3619,6807,13617,560,1637,7936537,10,4,1,626,1505671,8,9,10,3,4,22,7,1,0,0
605,3079,1012,13978,2160,3123,5950012,6,8,1,603,4461752,10,8,17,9,11,34,3,0,1,1
606,1067,3471,15731,1314,3191,5304297,14,9,1,342,773343,6,2,17,10,8,2,7,1,0,1
607,3023,1243,2413,836,6713,4377400,10,1,1,895,2273104,6,6,5,3,3,16,4,1,1,0
608,4567,5633,9066,2290,6644,826681,10,5,0,828,3246813,6,7,6,4,9,28,9,1,1,0
609,2716,9924,11553,2458,1236,2394162,12,6,1,685,1053283,13,8,16,6,9,25,5,0,0,1
610,4877,1553,5174,1510,5717,1941997,9,7,1,633,3753428,13,4,11,5,10,6,1,1,0,1
611,4233,9151,10302,2880,3020,4343736,6,6,1,788,4643286,6,5,14,12,10,36,5,0,0,0
612,3003,9709,11127,1875,4458,1800860,8,7,0,301,3781768,9,5,12,13,10,23,9,1,1,1
613,4757,2316,2723,1212,6647,1615446,7,8,0,723,1774546,10,2,14,11,3,37,10,1,0,0
614,4993,8925,3967,1513,6289,8320157,14,9,1,704,2232674,14,8,11,14,4,42,3,1,0,1
615,3283,5489,15101,632,1075,4277177,11,3,1,524,4918791,9,6,10,5,5,38,7,1,0,0
616,858,1115,4280,2428,2432,7809312,11,7,1,791,4229754,7,6,9,10,5,16,7,0,0,1
617,4853,7449,11483,1740,6115,9584346,8,2,1,674,4170029,6,3,5,5,7,0,9,0,1,1
618,2469,7872,5667,915,5545,9834921,12,3,1,338,2296976,8,8,12,9,7,10,3,0,1,1
619,3771,9156,15176,1372,6778,3628531,12,8,1,498,4336499,10,7,5,6,8,46,4,0,1,1
620,3080,9331,18257,1534,3255,8088848,6,1,1,574,1478323,10,7,8,8,2,35,4,1,0,1
621,4095,9533,11139,663,1774,504193,12,8,1,522,4354785,12,8,12,5,6,40,3,1,0,1
622,1541,8515,7899,2421,1255,4603715,12,6,0,495,97656,8,8,14,14,8,22,2,0,1,1
623,3666,6819,16410,2984,1728,7424090,13,4,0,474,1486522,11,9,13,13,10,6,2,0,1,1
624,3347,6252,10636,1802,1350,750911,12,2,0,436,3813782,5,7,12,14,9,11,6,0,1,0
625,1649,8004,3690,501,1639,7782361,6,1,0,628,4535079,3,2,5,9,2,41,3,1,1,0
626,1760,4109,2125,646,3700,6969397,9,8,1,503,3275042,11,7,16,4,8,45,8,1,1,1
627,2612,7395,10610,2114,5259,5510329,7,3,0,774,1493620,6,4,14,13,10,31,5,0,0,0
628,3622,6837,7603,1010,2860,5077368,9,5,1,780,529978,12,9,15,11,5,48,6,0,0,1
629,4329,2330,6914,945,1246,6674487,9,8,1,781,1337713,8,7,19,11,11,44,1,0,0,0
630,720,2694,10250,1101,5438,4094995,11,9,0,585,659724,12,5,10,5,10,19,3,0,1,1
631,4281,8450,8063,1537,1766,8318751,6,9,1,461,2143759,10,5,14,9,3,13,3,1,0,1
632,613,4258,12070,1779,1881,4755248,12,8,0,757,2652865,13,7,8,9,3,28,1,1,0,1
633,2097,9833,15390,1764,3851,9068650,9,4,0,493,908960,4,5,19,4,9,43,9,0,1,0
634,1686,2406,4413,955,3985,8765009,6,9,0,602,3052410,14,4,11,9,8,2,9,1,1,1
635,3440,2166,4282,1885,6863,968589,8,7,1,708,2151738,14,2,18,13,11,45,3,0,1,1
636,4896,8571,18363,1026,6008,1449684,7,5,0,849,2435953,13,5,11,13,3,40,4,0,0,1
637,2204,7138,14776,1293,2585,6651827,11,7,0,552,4508398,7,6,15,13,2,20,4,0,0,0
638,3170,6619,3308,2837,4280,7038917,7,4,1,579,2927894,13,8,7,10,2,15,8,1,0,1
639,2016,4317,5480,2922,3616,2496099,13,4,0,356,3218137,13,2,15,13,4,44,5,1,0,1
640,2053,1819,16555,2909,2618,3238828,11,9,1,378,444222,12,1,10,7,2,10,8,1,0,0
641,2738,3915,8864,541,1040,5327120,8,2,1,497,355338,11,1,18,7,4,47,10,1,1,1
642,3085,6776,6797,2719,1209,1405696,14,2,0,561,4059698,13,5,18,14,2,32,10,1,1,0
643,1089,9292,18353,1115,2650,9511523,10,9,1,514,507402,3,1,9,3,3,12,3,0,1,0
644,3001,5196,4822,783,1206,8114278,9,4,1,363,944597,5,9,19,13,5,14,1,0,1,0
645,1661,2355,11025,739,1520,540883,11,5,1,512,2154880,9,9,13,10,2,44,7,0,1,1
646,3015,3921,19151,963,2829,6409599,11,7,1,737,2549241,3,8,18,9,8,23,5,1,0,0
647,753,8903,5313,1710,5403,6289041,10,2,1,774,3733971,12,1,18,4,10,8,6,0,0,0
648,4650,8890,2238,1100,5867,1745529,8,7,0,700,4158084,6,5,12,12,8,7,5,1,0,1
649,3837,2762,7739,2204,4977,1173967,7,7,0,344,661995,9,5,16,6,7,24,2,1,0,1
650,4567,7179,5008,2420,1007,7929658,8,5,0,392,2298730,4,3,9,6,10,23,5,1,1,0
651,2822,8104,10002,1852,5912,1226243,14,3,0,632,1681899,14,8,11,10,5,7,1,1,0,1
652,4596,9945,19901,809,2057,7062493,8,1,0,465,387401,5,7,12,10,2,48,2,1,0,1
653,2954,9893,12286,1615,5813,7192894,9,6,0,514,3680190,12,9,16,11,7,45,3,0,1,1
654,1540,3015,19102,1059,4635,3980331,9,6,1,423,786542,9,7,17,4,5,31,7,1,0,1
655,3334,3889,11543,1918,1155,851443,12,6,0,572,2675029,10,4,17,9,5,12,3,1,1,1
656,2262,6095,12551,908,5214,4634119,14,9,1,596,333558,9,5,16,4,11,24,5,1,1,1
657,4792,2793,9179,697,1674,2301198,7,5,0,415,569285,8,4,15,6,10,49,9,1,1,1
658,1089,1821,17121,789,6952,9225826,13,9,0,749,4554355,4,5,18,6,11,26,4,1,0,1
659,1309,6527,2485,2975,6128,5781237,6,2,0,691,179158,9,8,13,3,8,7,1,0,0,1
660,2364,2335,18231,2169,4228,1956987,14,1,0,431,1818712,13,8,13,5,3,19,6,1,1,1
661,2034,1697,9516,2465,6342,3572236,14,5,0,816,1428864,3,5,13,4,8,22,2,1,0,0
662,4693,6596,4124,2374,6224,5320225,11,9,0,833,4658722,12,6,5,10,10,33,1,1,0,0
663,788,1284,18050,1934,3080,6434350,13,8,1,731,324332,4,1,8,5,6,25,3,1,0,0
664,2902,8793,2314,706,4625,735723,7,6,1,529,3351440,12,5,11,7,2,47,7,1,1,1
665,4648,3616,18107,522,1248,3450750,8,7,0,867,4292554,11,9,14,3,4,33,2,0,1,0
666,4312,6336,17758,1276,6087,3212208,8,5,1,339,3929890,5,8,15,9,9,9,8,0,1,0
667,2350,7649,2200,1126,2599,8973553,9,4,0,842,1455626,6,7,13,4,10,46,8,1,1,0
668,4445,2706,14704,1123,1189,1203165,11,7,1,650,1259408,12,7,12,5,10,33,3,1,1,1
669,4926,5674,15501,2819,2224,1496698,8,2,0,781,3673884,4,2,6,8,7,25,5,1,1,0
670,4375,8846,10742,725,6761,3241529,13,3,0,531,1243635,6,5,6,10,10,18,6,1,0,1
671,3432,4786,2079,1818,1675,2881265,6,7,0,586,4164060,14,1,5,7,11,47,4,0,1,1
672,2000,9694,16884,743,4198,6673042,10,1,0,874,958695,7,3,17,13,9,34,5,1,1,0
673,4828,4280,9854,1384,2915,9038478,12,8,1,813,304824,5,4,16,12,7,46,4,0,0,0
674,2713,9692,16893,2681,6465,2954928,12,3,1,483,1119671,11,7,15,11,8,23,2,1,0,0
675,4920,7912,19892,1898,1209,5373649,8,6,1,821,2280820,4,2,13,4,9,41,8,0,1,1
676,3869,9987,9472,2264,3449,9566048,13,4,1,328,2359593,9,5,10,4,8,18,9,0,0,0
677,4382,7146,8055,1766,4813,1744616,10,4,1,850,3151752,5,4,6,8,9,27,9,1,0,0
678,3538,3758,9956,1920,4448,6153580,7,4,0,752,545608,10,5,7,11,7,45,9,0,1,1
679,4266,7535,16236,1071,2345,1801921,6,7,1,602,3393885,13,1,12,5,2,37,8,0,0,0
680,888,9177,11630,1296,1558,3068482,6,3,1,830,2568640,3,4,11,5,6,36,5,0,0,1
681,852,5033,9690,1126,5182,7836509,14,9,1,482,951771,13,8,6,8,4,43,6,1,1,1
682,2165,8635,19919,2399,4774,1056878,8,6,1,771,916998,7,1,13,6,4,47,9,1,0,1
683,3332,2040,5449,1561,1606,6843074,9,7,0,828,2173654,4,2,13,4,9,41,6,0,0,0
684,4080,4016,7969,1117,4740,9941735,9,4,1,399,1301172,5,6,7,4,3,2,7,0,1,1
685,3472,3373,19083,1006,3082,9458761,14,5,0,335,3200924,8,3,17,4,5,33,5,1,1,0
686,4214,1169,15107,2916,3053,5179466,12,4,0,725,982801,4,7,6,8,5,38,5,0,0,0
687,2278,8926,4591,2461,6392,1722653,10,9,1,724,1954112,13,6,9,7,3,27,5,1,0,1
688,3863,9872,3787,2626,2802,8426301,6,8,1,764,2627220,14,4,6,10,2,46,6,1,0,1
689,2862,7391,18598,2150,6139,4805622,10,2,0,468,1943647,4,5,11,7,5,49,9,1,1,0
690,872,1070,16378,1135,6432,4077986,11,8,0,359,3666497,3,8,9,4,2,35,7,0,0,0
691,1149,9548,13158,2490,1758,7386663,7,5,1,850,1371992,5,5,14,3,3,18,8,0,1,1
692,4782,2664,2890,1806,2855,8568432,12,3,0,824,4424229,14,8,9,5,10,25,5,1,0,1
693,704,5592,4012,2439,3642,3032053,9,6,0,470,127139,9,6,5,9,5,18,7,0,1,0
694,2573,3449,19587,995,5820,8078951,12,1,0,753,1524819,6,1,5,6,10,23,6,0,1,1
695,3142,5651,5602,2184,3939,2744968,8,9,1,492,3129847,12,1,12,11,11,38,6,1,1,1
696,2219,6182,6427,2558,5052,5611036,8,4,1,314,4441808,12,2,8,14,10,12,1,0,0,0
697,874,3955,13477,2663,4332,2956936,10,5,0,835,801440,12,9,5,3,4,34,3,0,1,0
698,4701,9298,11260,2359,6778,510055,8,3,0,390,17758,12,9,10,4,3,2,1,1,1,0
699,2658,4090,8837,1397,3823,9649849,12,1,1,588,961501,8,7,6,10,7,19,4,1,0,0
700,2029,9052,3015,1682,4470,2272643,6,9,1,477,3631732,4,5,8,11,6,4,3,1,1,1
701,1815,1135,4076,538,2230,7384583,6,7,1,555,2409247,11,9,8,11,11,32,3,1,0,0
702,1158,7717,16800,1109,5018,8740365,13,7,0,487,1214436,4,4,15,13,3,21,1,0,1,1
703,4612,3779,7797,1741,3984,5347516,10,2,0,465,1915351,10,4,14,9,7,36,10,0,0,0
704,2878,6503,8311,1498,1087,7150774,6,8,1,770,806290,5,9,16,6,8,6,1,0,1,1
705,661,4078,15552,1530,1728,5375835,7,9,1,685,3636089,9,9,9,8,6,0,1,1,0,1
706,4776,7530,15098,2937,1103,3784592,12,4,1,854,204327,14,2,10,6,4,46,2,0,0,1
707,2437,4522,2644,2028,2503,1991662,8,1,0,734,2563216,4,7,16,10,11,20,2,0,0,0
708,4827,9487,14103,1123,5836,3140993,9,9,0,534,627442,10,5,12,7,5,3,8,0,0,0
709,4632,2479,8538,2994,3150,6878913,13,3,1,370,1921652,4,5,5,11,11,27,10,1,0,0
710,1806,5041,6770,1700,6781,640217,10,7,0,438,2146336,6,1,12,9,3,43,9,0,1,1
711,4929,1521,15555,1503,5479,8541536,13,6,0,388,2442656,4,8,18,5,2,43,5,1,1,0
712,4715,5539,19377,2805,2828,6460320,9,1,0,798,3824540,9,7,8,11,5,9,1,1,0,1
713,3271,2058,17721,1078,3657,5575532,8,8,0,560,494494,3,1,19,8,9,14,10,1,0,0
714,1838,7665,13126,2466,1183,6523690,8,6,0,829,2112997,3,2,8,14,10,34,10,0,0,0
715,4959,1705,17079,885,6434,8955197,14,6,0,422,383842,4,4,5,13,8,9,3,1,0,1
716,1295,6991,4973,2141,5068,9251142,14,3,0,364,2072508,14,2,9,7,2,40,10,1,0,0
717,2548,6548,15528,2001,4232,1964366,10,8,0,411,918175,11,3,18,8,11,41,2,1,1,1
718,2095,8038,11124,848,1532,3051693,10,2,0,839,3184078,4,2,5,8,8,39,8,0,0,1
719,4392,3381,5494,697,6193,7174732,7,9,1,828,2066292,14,9,9,14,11,3,10,1,0,1
720,4093,3840,17559,1667,2265,8809496,7,1,1,498,2113159,3,2,10,7,5,47,9,0,0,1
721,4034,3098,2068,1234,5965,609655,14,8,1,415,2554575,11,6,16,3,5,40,6,1,1,1
722,1616,9372,4251,1030,4580,4352188,6,2,1,327,1310506,4,6,16,11,5,28,3,0,0,1
723,2072,7183,11110,2959,5174,3860463,6,2,0,768,362592,3,7,12,7,10,38,7,1,0,1
724,4857,7596,6499,2155,3656,7329033,11,8,1,891,2519032,6,9,13,9,7,40,2,0,1,0
725,3008,1757,18048,2250,2153,8365641,11,6,0,791,2178396,11,5,18,10,10,45,3,1,0,1
726,3897,9211,3575,1595,4029,7518586,14,2,0,317,1172753,9,2,6,14,5,1,3,1,0,0
727,1380,6598,3426,2421,1533,4723381,7,8,1,459,3432177,13,2,5,14,3,21,10,1,1,1
728,4436,8667,19419,2230,2274,3583254,7,8,0,750,3664555,9,1,10,14,6,11,8,0,0,1
729,560,1581,15597,2851,6735,7086751,6,2,1,773,1759456,7,6,9,5,2,42,5,1,0,1
730,1672,6199,11633,1979,6076,5309269,12,2,1,398,95681,8,7,17,6,2,42,4,0,0,0
731,3477,7032,17402,1817,4211,1742062,12,3,1,785,4977993,8,7,18,12,4,42,9,1,1,1
732,4373,7334,18881,1434,5219,1162513,10,7,1,874,604924,5,6,8,3,10,21,7,0,1,1
733,2567,5296,17628,2715,5962,1930212,7,9,0,476,3866729,6,9,12,13,10,43,9,1,0,0
734,1393,2836,10579,2522,4068,3282249,8,6,0,715,3894302,5,1,12,11,10,21,6,1,0,1
735,4721,8269,11834,1742,3260,7556889,7,9,0,738,2201769,11,1,18,6,2,27,7,0,1,1
736,2195,6167,19958,1755,3103,1528208,7,8,0,824,3557812,13,1,5,9,5,24,8,0,0,0
737,875,1843,10819,1307,4323,5793886,6,1,0,717,2027837,12,2,8,7,4,26,4,1,1,1
738,2647,2936,11506,1550,6957,8864360,14,8,0,841,1185034,3,6,8,7,8,18,1,0,1,0
739,3724,4575,11256,2026,5753,6624027,12,5,0,380,2475174,13,8,12,6,8,9,7,0,0,1
740,1092,8404,18260,2707,4052,5988389,9,1,1,612,1624972,8,7,9,10,8,39,8,0,1,0
741,967,7047,2587,520,4007,7172011,6,7,1,761,2099357,12,8,11,3,5,19,3,1,1,1
742,3962,7833,14589,820,1860,8585200,8,2,1,526,4588216,9,7,17,4,7,15,10,0,0,0
743,3269,8553,2820,1700,5606,5346680,12,6,0,473,1584641,12,1,7,8,5,31,8,0,0,0
744,4999,1399,19472,1955,5510,1984487,10,8,1,749,3381496,4,3,10,13,2,2,9,1,1,1
745,3089,2604,8810,2687,4512,9187953,7,9,0,316,2352784,11,5,15,3,2,43,6,0,0,0
746,581,9706,15878,1610,5259,1475155,6,5,0,774,3090474,9,1,13,5,7,19,6,1,1,1
747,1570,9869,10771,1232,5317,9686464,13,1,1,710,585634,13,7,13,12,7,4,5,1,0,0
748,1745,9720,3268,2142,4993,4178362,11,5,1,675,4434743,7,9,9,11,8,48,4,1,0,0
749,4167,8904,11573,1220,2070,5781975,8,7,1,718,2004632,6,7,9,13,11,47,3,1,1,0
750,4734,4751,10137,1098,1281,2737869,11,5,0,323,3942450,11,5,7,8,7,20,5,0,1,0
751,3611,1671,17599,1613,4739,4005988,8,8,1,576,2125913,9,1,14,5,6,16,1,1,0,1
752,4494,3835,6481,529,5444,8037330,13,9,0,409,4160469,9,5,9,14,6,2,7,1,1,1
753,1148,2469,6411,2537,3050,8858744,14,3,1,744,877633,6,2,12,8,9,14,5,1,0,0
754,1376,4227,10500,2252,6963,5331965,10,2,0,662,1867632,5,8,9,3,4,12,10,0,0,1
755,1421,1091,12273,814,2015,3571624,11,5,1,326,787255,9,2,5,13,6,34,7,0,0,1
756,1050,4827,18251,1563,5317,2767376,9,7,0,432,4143008,7,2,13,12,2,10,4,0,0,0
757,3150,5080,11168,647,6807,5090747,10,1,1,425,4062646,12,8,14,10,4,15,9,1,1,1
758,3995,4283,19625,2714,3989,6249487,14,7,1,892,3197842,4,2,14,9,8,13,9,1,1,0
759,4539,5279,4340,1846,3591,9863435,13,7,1,744,2821312,3,6,16,4,2,16,6,0,1,0
760,4764,8546,9970,2770,6635,8074390,9,1,1,684,2366414,13,1,6,5,3,30,7,0,1,0
761,1353,7974,14288,539,2934,5214808,7,5,1,450,872293,11,7,12,9,11,32,4,1,0,1
762,4801,1313,9280,2062,2978,9031304,8,6,1,348,3667999,12,1,10,13,10,30,7,1,0,0
763,678,1523,7454,2539,4509,9642946,12,8,0,720,841938,4,4,11,3,3,19,7,0,1,0
764,2368,2173,18143,2676,1756,3609012,6,9,1,530,4771684,5,4,17,6,2,15,1,1,0,0
765,3448,2713,17116,2614,1564,8536486,11,3,1,890,2477012,5,1,8,3,9,37,8,0,0,0
766,1277,2212,10616,2604,2539,2782077,8,5,1,835,2332379,3,1,12,4,10,42,10,0,0,1
767,3541,2097,15694,1007,3295,2849298,7,3,0,630,4600441,11,4,13,8,7,18,10,1,1,0
768,4977,6642,18076,524,3426,2625087,14,2,1,570,3592497,6,1,12,14,7,38,10,1,1,1
769,4632,8329,14194,1780,4628,4430925,6,1,0,570,3537731,10,9,18,11,7,16,10,0,0,1
770,3460,4858,9118,1363,6255,1075057,7,2,1,445,1265939,3,2,13,8,4,18,3,1,1,1
771,1668,1579,9129,2555,1259,6775411,8,8,0,746,2391201,8,6,18,7,2,47,10,1,1,0
772,2885,9247,10732,2720,5378,5305763,7,5,0,306,1033504,3,8,9,7,3,48,6,1,1,1
773,2646,6245,6387,2696,3629,2110834,6,1,0,589,1179120,6,4,9,9,4,42,5,0,0,0
774,2833,4006,11598,2991,3467,892141,7,3,1,479,121996,14,6,19,8,11,2,4,0,1,1
775,2639,7913,9666,2954,6274,942028,7,1,0,549,4562724,3,5,16,14,7,33,3,0,0,1
776,681,3631,7230,648,6945,3372621,13,4,1,862,2622828,5,1,10,6,10,14,6,0,1,1
777,914,4680,4372,2930,2552,1100122,9,6,1,469,3417169,6,7,12,3,5,11,7,0,1,1
778,4205,1587,5930,1795,5979,4398064,13,2,0,669,986900,12,7,12,10,5,41,2,1,0,0
779,4680,6820,3413,968,4613,3481693,11,2,1,610,3671973,12,1,19,7,8,19,2,0,0,0
780,3715,6543,10302,2683,2162,5109447,9,5,0,415,4360921,10,1,14,13,11,25,4,0,0,0
781,1215,8920,8039,2453,3361,3144413,10,5,1,671,455187,11,3,6,10,6,7,5,0,0,0
782,2512,7911,10180,2595,3728,6335664,13,3,1,557,4007328,5,1,8,6,3,23,1,0,0,0
783,1684,3038,17919,1935,2995,8651432,10,1,1,858,2799081,9,5,12,8,7,18,7,0,1,0
784,2789,5291,9313,2372,2503,8803608,10,8,1,403,475118,12,7,9,8,10,1,10,1,0,1
785,2269,8234,15907,2894,3578,2645943,10,5,1,468,1443403,12,9,16,13,2,1,1,0,1,0
786,4751,2697,6806,1144,1558,7367349,13,4,0,475,13036,3,3,5,14,10,1,8,0,1,0
787,2696,2188,5041,1357,3160,8149075,7,9,1,320,1215725,12,4,11,4,10,14,2,1,0,0
788,2072,8832,16707,1624,4018,4468963,13,9,0,569,3873053,9,8,7,11,10,24,7,0,0,0
789,4011,8562,7896,632,5562,1392386,13,5,1,608,1000709,3,2,9,11,5,4,8,1,0,0
790,3133,3532,9801,1454,6196,2555696,10,2,1,658,212022,13,2,14,9,5,47,9,0,1,0
791,4142,3149,16315,963,5587,7989085,12,6,1,753,4978715,5,2,6,3,9,35,10,1,0,0
792,4228,8114,18681,1513,2091,6729685,12,2,0,605,108961,8,4,7,14,7,28,3,1,1,0
793,4096,3693,7587,1981,2379,7814883,13,7,1,676,1156193,10,3,5,4,8,3,10,0,1,1
794,727,7185,2780,2670,2514,575296,7,9,0,760,2096220,4,7,18,11,4,47,5,1,1,0
795,4479,9479,9370,2274,3564,5514810,13,1,0,667,551567,7,7,8,8,11,24,8,1,1,0
796,591,4426,12047,1696,4249,4554799,14,2,1,586,696692,11,8,13,5,4,21,9,1,1,0
797,1520,2935,12217,2467,5708,4778198,13,3,0,387,3381573,11,9,19,3,2,29,8,1,1,0
798,3325,3058,7260,1911,2268,5592070,11,4,0,558,568200,13,1,10,13,3,19,10,0,1,0
799,3965,8837,5653,934,3710,6351519,11,8,1,515,3064872,14,2,11,4,6,14,4,1,1,1
800,877,8919,15735,2095,3606,9877925,10,3,1,419,2784467,3,2,19,8,6,42,2,0,0,0
801,1169,9654,12528,2013,4765,6342971,13,5,0,586,3827073,9,9,8,10,8,4,9,0,1,0
802,4323,8911,3164,722,3206,1936977,14,4,0,797,2882724,13,4,7,13,6,0,6,1,1,0
803,796,2602,19848,682,5802,7069851,6,1,0,484,1261615,10,2,11,12,11,14,8,1,0,0
804,4772,9759,13257,1817,1141,2829606,10,9,0,876,3027002,10,8,15,11,9,43,1,0,0,1
805,1370,8197,13907,2947,3316,7938026,7,2,0,741,3980247,4,2,18,8,8,39,6,0,1,0
806,510,1849,15603,2179,1038,5758688,10,5,0,413,2589161,14,5,12,12,11,47,6,1,0,0
807,2510,8549,10588,1959,6059,5528298,7,6,1,662,3527827,3,4,13,11,3,16,1,1,0,1
808,3564,5807,4280,1679,4904,5590563,7,7,0,338,3150433,7,8,15,14,8,28,1,0,1,1
809,2302,8815,16742,1320,1324,1831028,9,5,1,517,1092559,5,8,9,7,11,21,4,1,1,1
810,4994,3130,10680,687,4184,943298,12,8,0,522,2140456,4,5,14,4,2,1,5,1,0,0
811,4392,4617,14250,2639,5511,9397278,14,1,1,878,4087106,9,8,18,13,9,15,10,0,0,1
812,3417,3941,12800,2552,1690,5412711,14,7,0,498,2562890,12,2,18,9,8,17,10,1,0,0
813,4848,7908,17603,1510,4646,9314813,11,3,1,765,1094856,3,4,10,9,3,45,2,0,0,1
814,4642,2173,4817,2001,1300,6923294,14,7,1,412,344994,3,4,11,13,4,38,7,0,1,1
815,2103,9904,13274,852,3063,9783230,13,5,1,450,2249384,9,8,8,7,6,43,10,1,1,1
816,4002,2363,6496,2824,4329,2044811,9,5,1,338,4228887,4,2,5,12,2,34,8,0,1,0
817,3031,3170,14161,709,3824,6030685,14,2,0,396,492363,13,2,10,14,10,44,7,1,1,1
818,3501,7174,2458,1164,6530,6849321,13,8,1,530,3659470,13,3,8,10,7,31,2,0,1,1
819,2848,4424,11394,989,6426,3056313,13,9,1,759,878014,7,1,10,9,4,40,6,0,1,0
820,1661,4534,17205,1063,1607,7951012,6,9,1,320,2389178,7,1,6,12,3,27,2,1,0,0
821,3942,5158,13012,1499,2660,5383695,13,9,1,597,2233568,5,1,11,7,9,47,10,0,1,0
822,2343,4764,18521,2610,3611,2112884,9,3,1,868,870090,3,3,11,4,6,4,2,0,0,1
823,2773,8510,5908,866,3339,8518579,10,4,1,466,1720412,4,5,18,11,2,14,4,0,0,1
824,2524,9041,13581,2910,1041,6406794,10,9,1,551,1870963,10,8,5,4,10,14,3,1,0,1
825,3851,1531,5052,2225,3019,8783336,12,4,0,673,3038715,6,6,6,3,7,21,1,0,1,1
826,2104,7699,4732,1884,5284,8776301,14,5,1,564,3372866,5,9,10,12,5,3,1,1,1,1
827,1426,2737,6189,797,2587,9799571,10,4,0,431,1476701,8,3,18,9,7,36,8,0,1,1
828,2163,3285,8068,1019,4989,5687356,12,9,1,479,3740087,6,8,7,4,6,13,4,0,1,1
829,521,3784,3689,920,6867,5189056,11,1,1,491,2034059,9,8,18,8,3,31,3,0,1,1
830,2612,9759,10035,2479,1753,6941934,11,5,0,363,4423537,9,3,19,11,11,5,10,1,0,1
831,1854,6974,5396,2892,4564,5760484,11,1,0,384,1970000,9,3,13,5,6,47,1,1,1,0
832,4243,2503,2505,2336,1036,3429727,13,2,1,477,174270,9,5,11,12,4,21,2,1,0,1
833,1531,1624,4544,1995,3015,4898572,12,8,1,314,1666786,7,9,12,7,7,25,6,1,1,1
834,1002,8643,2532,2071,6362,1660859,13,6,1,635,675124,6,6,8,6,11,4,2,1,1,0
835,3769,1818,5591,2798,4609,1435507,7,3,0,395,2206474,12,3,9,3,6,2,4,0,0,1
836,3203,7492,16172,2914,4996,9199359,7,7,0,594,3806140,8,7,18,9,9,12,10,0,1,1
837,3733,5683,19961,562,1221,7664414,14,8,1,515,1025179,13,1,8,14,11,7,1,0,1,1
838,2471,8342,5494,1045,3041,1156192,10,5,0,851,1622107,7,3,16,8,8,5,8,0,1,1
839,2900,2604,13677,841,6756,9717362,14,3,0,860,146356,7,6,11,10,11,17,3,0,1,1
840,2448,7469,11429,2729,3432,5207094,14,3,1,712,1887265,5,2,17,4,5,7,3,0,1,1
841,4369,7573,6378,847,1551,7317964,10,9,1,715,885574,8,2,18,10,10,14,10,1,1,0
842,930,3793,3235,642,6453,5949480,12,8,0,468,3382209,3,2,11,6,9,24,6,1,1,1
843,592,2922,6205,2118,2975,2629478,7,5,0,325,132358,9,9,14,9,6,18,4,1,1,1
844,2556,8553,16885,658,5101,2228977,13,1,1,837,2839903,13,7,19,14,3,29,8,1,1,0
845,3466,2004,14286,1042,2929,1469888,10,2,0,860,1547440,10,9,15,7,6,25,6,0,0,1
846,863,7560,5023,1907,1118,1077304,9,5,1,578,3581541,13,7,12,10,11,33,5,1,1,1
847,4246,5138,19732,1014,1939,661227,6,1,1,745,4629960,8,7,16,13,7,33,4,1,1,1
848,606,2901,12935,1150,6435,6130788,14,4,0,758,2268683,5,8,13,9,11,39,4,0,0,1
849,1147,1967,18687,1444,4429,2309162,13,7,1,718,4624240,12,3,17,3,2,15,7,1,0,1
850,3677,5341,18737,2225,1129,4282463,14,5,1,611,2919959,10,5,8,3,9,20,6,0,0,0
851,4571,2107,4318,2403,4349,7666293,14,7,1,731,2180308,11,2,17,10,3,4,4,0,1,0
852,4628,2218,3214,1177,5530,7026365,9,8,0,543,2631943,4,5,10,10,5,22,5,1,0,1
853,2905,9234,6212,2498,1758,2665895,8,7,0,343,1573196,10,9,10,9,11,32,10,1,0,0
854,688,4530,2541,733,3130,2238159,10,4,0,723,2331595,14,1,15,7,3,44,6,0,0,0
855,810,5095,10071,1532,4229,6487859,8,3,1,490,3528959,10,7,10,4,2,9,9,1,0,1
856,1844,1435,10328,1636,5549,9321809,11,5,1,873,4255854,8,3,19,13,7,15,8,0,0,0
857,1045,7743,8955,1530,3161,5441035,10,8,1,541,4118476,7,9,6,8,10,42,9,1,0,1
858,710,5459,19004,2730,6022,1094212,12,8,0,433,3214354,5,3,11,6,5,11,7,1,0,1
859,4011,6842,19340,872,3197,7876421,14,8,0,585,2829734,14,8,13,12,7,1,9,1,1,0
860,4416,3600,5877,934,4581,8253839,7,3,1,336,309003,9,5,6,10,7,46,6,0,1,0
861,3474,3660,13525,2428,6604,9984347,8,5,0,558,3289714,7,2,10,8,11,25,4,0,1,0
862,3585,2266,11591,2703,5905,8578557,12,7,0,583,4607528,6,1,18,3,11,24,5,1,0,1
863,1368,1677,5816,2726,3971,7381259,8,5,1,373,3496475,5,4,15,13,4,23,6,0,0,1
864,4098,6543,16978,2892,6623,3337138,12,6,0,470,4472599,13,7,10,11,8,26,1,0,1,1
865,2566,5332,10132,1257,5038,4005823,11,5,0,489,2295608,4,7,18,6,8,3,6,1,0,0
866,3086,4010,18726,2359,5154,1235779,11,6,1,425,4914582,6,3,16,8,11,17,10,1,1,1
867,3387,4665,15150,2334,4165,3691191,7,3,1,389,1899501,10,5,13,5,2,34,4,0,1,0
868,1338,8586,6414,2270,1313,4984777,14,5,0,786,1132373,9,5,7,3,10,19,9,1,1,1
869,2254,3083,19494,2799,4829,1943710,10,8,0,682,3781247,14,9,18,6,3,42,10,0,0,1
870,2182,4317,5894,1831,1249,7275484,8,4,0,829,3906427,11,1,18,7,3,39,3,0,1,0
871,3750,8613,4278,1934,6380,3133371,9,3,1,532,4065518,7,5,12,11,3,25,8,1,0,0
872,3681,1008,2427,1254,4138,6132325,7,6,0,520,3886576,9,3,7,10,7,10,2,1,0,0
873,4404,8474,6119,2257,2912,4128341,7,1,1,475,4225364,9,6,10,3,2,6,8,1,1,1
874,2669,9002,17337,1720,2942,2391438,9,7,1,863,4121809,12,4,13,9,7,29,4,0,1,0
875,4173,6120,15118,1592,2316,6853752,8,2,0,443,531280,7,6,14,4,11,15,4,0,1,0
876,3996,3105,13717,769,6267,1376181,7,3,1,719,629173,4,8,16,11,2,18,6,1,0,1
877,3490,4772,4445,2196,3385,1309318,9,6,1,861,3294564,13,2,7,10,7,48,4,1,0,0
878,3397,2681,6962,1335,1910,1897908,14,3,1,400,1722623,5,3,13,6,11,39,5,0,1,1
879,3258,8264,14515,614,3866,2314320,14,4,1,566,4149957,5,6,11,14,10,39,7,1,1,1
880,1116,7022,13854,2848,2320,8837062,12,3,1,367,3648098,5,3,9,6,3,10,8,0,1,1
881,1390,9173,12513,1722,2282,6451422,12,3,1,553,1703415,11,8,9,9,5,31,2,0,1,1
882,1910,4869,3397,793,5947,1930459,7,6,1,375,383245,3,5,18,4,8,33,10,1,0,0
883,1763,3136,4515,1746,6513,7013423,9,7,0,678,1715720,13,7,11,6,3,24,9,0,0,1
884,3905,2351,2564,804,1725,8662988,11,5,0,494,543105,4,7,19,3,11,45,9,1,0,1
885,850,5138,17571,2747,4538,1529318,8,5,0,657,3616562,10,6,7,3,7,28,1,1,1,1
886,4500,9987,11028,2396,3884,1277700,11,8,1,767,3647011,12,9,8,10,4,4,4,0,0,0
887,4022,2241,7783,2925,1027,3559268,9,8,1,584,4950981,5,7,6,13,2,42,9,0,0,0
888,1644,4589,6069,1254,4126,6979354,11,9,1,358,4155552,12,2,5,7,11,22,9,0,0,1
889,1176,5354,8914,2900,1125,4434548,10,4,0,535,1956537,13,9,15,6,8,8,2,1,1,1
890,4818,6644,17024,2529,4882,7759497,14,8,1,754,4164206,6,4,7,7,11,41,3,1,1,1
891,4792,5260,6951,1560,5970,9490999,14,2,1,492,2221597,8,6,14,3,11,27,10,1,1,1
892,745,9003,19166,573,1636,3166911,10,1,0,546,1562105,14,1,18,13,7,43,8,0,0,1
893,3216,5702,11632,2031,1877,3735901,7,2,1,872,2230034,7,9,5,11,2,14,7,1,1,0
894,3163,2849,7364,2488,3514,9876392,12,1,1,801,3195511,13,2,8,7,7,20,1,0,1,1
895,803,8277,6425,2335,6084,2240234,7,7,1,465,3740984,10,6,8,14,10,24,2,0,0,1
896,3444,2182,15103,949,6923,3562376,6,8,0,338,2444595,13,7,12,3,8,20,4,1,0,0
897,4408,3964,19459,2405,5452,8929657,11,1,1,655,1767890,3,8,14,9,4,35,6,1,1,0
898,1312,1634,13220,1481,3904,6841162,7,9,0,423,2758515,3,1,16,9,5,32,8,1,1,1
899,4229,1765,14795,2429,4351,3777555,9,5,0,513,4735767,11,7,14,4,9,38,3,0,1,1
900,4141,4174,11222,1890,2206,9665196,8,1,0,590,3634765,12,3,11,12,5,47,6,1,1,0
901,2729,7196,4505,2983,4266,6816070,10,2,0,814,2949530,11,9,19,8,5,44,7,1,0,0
902,4301,7181,12577,2644,4513,1314765,6,8,1,420,3017295,8,5,16,8,8,44,7,1,0,1
903,2454,4575,2500,1467,5004,9493428,12,5,1,472,1287192,4,4,10,14,2,42,5,0,1,0
904,4076,5273,13224,1238,1608,5589232,12,7,1,540,3071042,7,4,18,14,4,25,9,1,0,0
905,4459,8875,9810,1438,6821,9352912,13,5,1,575,1818129,10,2,16,3,8,12,1,0,0,1
906,3730,2275,8022,826,6003,2386110,12,8,1,802,4873325,3,8,8,11,6,35,5,0,0,1
907,2014,4399,10888,2134,6064,4391237,8,4,1,694,2638033,7,8,12,5,4,26,2,1,0,1
908,3095,1618,2222,807,3092,8559559,6,3,0,322,4602769,3,7,9,8,4,29,8,0,1,0
909,2230,9330,18511,1763,2743,5285616,10,5,1,355,4956801,7,9,11,6,6,30,7,1,0,1
910,1235,3882,11122,2377,2618,8497480,12,2,0,629,293731,3,3,11,12,6,46,6,0,1,0
911,3593,8916,10150,1910,6556,9109801,12,1,1,512,4146840,6,6,19,8,2,9,9,0,0,0
912,2933,4511,9454,2985,3063,3593855,14,1,0,487,3730502,6,2,16,9,2,28,1,0,0,0
913,4670,2137,3931,1073,3483,8754763,11,8,1,362,181060,14,5,18,10,5,43,9,0,1,0
914,4219,3170,14449,743,4508,5131211,6,5,0,398,840737,4,6,16,10,10,32,3,0,1,1
915,868,9639,6627,1910,2687,6527411,14,5,1,654,3837975,12,9,13,6,6,44,10,1,1,1
916,4735,4340,3830,1083,3689,4705737,11,3,1,764,4783947,14,1,16,9,11,2,1,1,1,1
917,2502,1136,6858,2752,2598,5540476,7,8,0,570,4783419,14,9,14,6,9,19,7,1,0,1
918,655,2748,13597,1488,4134,8023941,6,7,1,473,4541554,5,1,5,7,9,0,8,0,1,1
919,3066,6770,13255,978,4718,7978048,11,3,0,775,3572679,4,2,10,7,9,28,1,1,1,1
920,3084,2083,5105,1789,4335,3660277,6,3,0,345,3127920,12,7,9,10,3,29,7,0,1,1
921,1507,6921,3647,2350,3698,5799355,8,1,0,839,392996,11,4,9,11,3,42,1,0,1,0
922,4869,7671,13133,2092,6332,2636695,6,4,1,753,2393298,4,7,12,6,3,48,4,1,1,0
923,934,3354,18532,2112,4437,559895,8,1,1,700,2492455,11,7,5,4,8,16,4,1,0,1
924,992,7805,2043,824,2265,9417483,6,8,1,512,4794598,5,1,8,10,5,7,1,0,0,1
925,3792,1797,15584,1691,5635,963022,13,7,1,659,1380057,4,1,14,14,4,6,8,1,1,1
926,4614,6484,3818,2196,6615,5660412,7,1,1,526,166928,10,5,18,3,11,34,8,1,0,1
927,4561,9516,9823,2316,1302,2255038,9,1,0,428,4308783,8,8,13,14,2,5,8,1,1,1
928,3493,4182,18565,604,3316,2237613,12,7,1,345,1594511,10,4,7,3,4,12,3,1,0,0
929,2676,6383,13069,2399,1516,7868925,14,7,1,645,3439496,6,2,16,8,8,21,10,1,0,1
930,2624,6351,16085,906,2089,7936732,10,8,0,320,2819465,6,1,14,4,5,29,3,0,0,1
931,2413,5302,14311,688,3226,7286575,6,9,0,849,3260766,7,6,18,14,6,47,6,1,1,0
932,4539,3690,8511,2259,3150,5011033,10,2,0,786,4865477,3,1,8,8,8,4,4,1,1,1
933,2798,1637,4933,881,5768,9438866,7,9,1,645,1912785,6,3,6,12,10,44,2,0,0,1
934,1963,3900,19672,2288,3218,7484482,14,7,0,594,2013257,11,3,10,14,2,24,3,1,1,0
935,3015,6694,2645,1712,4886,857538,8,5,0,371,232891,4,6,15,5,3,35,5,0,0,1
936,1742,2548,10569,2800,2881,3134027,8,5,0,527,991755,8,7,7,9,5,22,9,0,1,1
937,2627,3116,5652,2648,3040,2568794,7,8,1,744,1245886,7,7,10,12,8,35,8,0,1,0
938,4280,9870,5299,1356,3530,3371846,13,3,0,676,3935754,10,2,15,6,9,14,7,0,0,0
939,2430,3046,18335,2636,4140,6732302,8,5,1,313,4896390,6,6,19,7,6,28,1,1,1,0
940,3956,1213,5407,1736,1351,5515326,12,8,0,522,3384649,11,4,15,5,7,35,5,0,1,0
941,4993,2253,10904,1126,1792,6351454,14,1,1,865,1079592,4,8,9,14,5,23,3,1,1,0
942,4200,4461,10843,1726,2357,9591142,8,8,1,656,1680667,6,7,18,3,5,4,4,0,0,1
943,4843,7856,4596,2067,6447,1502583,10,8,1,370,452309,12,4,8,7,6,33,3,0,0,0
944,3818,5757,19416,1696,6753,9708961,14,6,1,590,3917964,14,2,5,12,8,49,7,0,0,1
945,2875,9646,12629,2010,3796,6311472,11,8,1,711,1588873,8,7,10,9,7,44,7,0,1,0
946,1887,1284,13698,2582,1590,3826018,10,3,1,655,2355820,4,8,12,14,3,3,10,0,0,0
947,2327,4537,14993,1935,3133,3791687,6,1,0,520,3265471,14,4,16,8,2,6,4,0,0,1
948,4528,4441,6625,538,6788,7722318,11,3,0,312,682031,10,3,14,13,7,40,5,1,0,1
949,4957,2842,10093,2955,3653,8621220,13,9,0,518,281980,5,4,18,10,9,22,2,1,0,0
950,3093,4227,2855,2420,2855,7775874,6,8,1,491,2072619,6,2,7,14,9,31,6,0,0,1
951,4445,1581,15329,1132,6689,3565730,12,1,0,882,2316803,11,4,17,5,5,34,8,1,1,1
952,4098,8842,8681,1125,3412,1343709,12,3,1,455,3512041,7,4,13,9,11,14,1,1,0,1
953,1204,3389,3942,1779,1627,8376431,8,7,1,747,614285,4,1,5,12,3,17,10,0,0,0
954,852,6105,18438,1327,2875,7835875,14,1,1,829,295647,4,3,19,3,3,18,5,1,1,0
955,1953,6433,18080,1966,6509,1941885,11,4,1,324,265456,9,7,9,13,9,44,4,0,0,1
956,4446,1614,15773,1412,4458,8840163,11,5,1,304,4482095,9,3,9,9,11,20,7,1,0,1
957,1621,1925,3694,1810,3288,3965002,14,5,0,861,1486727,7,3,7,7,2,38,1,0,1,0
958,2444,1952,4237,631,3997,7997495,10,2,0,520,4147567,4,9,16,8,4,30,5,0,0,1
959,3599,9823,12375,1105,4766,1505891,8,3,1,713,1761471,4,2,8,6,3,36,3,0,0,1
960,4112,2279,6355,2001,5266,3977892,12,3,1,522,1424863,10,1,9,6,2,48,7,1,1,1
961,3001,8677,9830,1124,4977,6238922,10,5,1,489,1820937,10,7,10,10,8,6,10,1,1,1
962,4354,3974,8364,836,4434,8884762,12,2,1,826,4173302,10,6,12,10,8,42,1,1,0,1
963,3255,2126,3034,2500,3369,4863521,9,8,0,355,2200524,6,7,6,6,6,6,2,1,0,1
964,1533,4537,19973,2650,1939,8888810,11,6,1,506,2205273,10,1,11,7,10,49,2,1,0,1
965,4515,3991,2153,2692,6969,9808593,10,3,0,404,3475366,8,1,11,9,4,49,6,1,1,0
966,3191,6711,16010,1512,2876,1344892,9,2,0,637,445073,3,9,6,12,10,0,8,1,0,0
967,4047,1800,4746,1533,4600,1357335,13,3,1,873,2830766,4,9,16,5,6,14,8,0,1,1
968,2656,2591,14092,901,1607,9765954,9,3,0,378,4949095,5,2,8,9,6,17,9,0,0,0
969,1380,7855,3375,742,3999,3453788,14,2,0,729,4781410,9,9,10,8,7,43,5,0,0,1
970,501,8755,16440,1686,1238,2907566,13,8,0,480,1805507,12,6,12,3,2,43,9,0,1,1
971,2988,2433,8075,669,4349,810076,11,6,1,324,4888927,10,6,6,4,4,42,2,0,1,0
972,3391,1397,17127,2912,1009,8544740,12,8,1,880,367322,10,1,19,13,8,10,10,1,1,0
973,3302,9951,8907,835,3874,4758276,14,8,0,367,3775625,13,1,12,8,5,3,3,0,0,1
974,1286,9408,6388,722,5477,5958197,13,1,1,313,4798830,8,8,19,4,7,15,3,1,0,1
975,1143,3769,15793,1988,4652,8474904,11,9,1,465,3989025,3,3,14,9,8,30,10,0,0,1
976,1224,9508,11030,1752,1205,1914829,13,4,0,348,3547767,14,3,17,7,2,19,8,0,1,0
977,4359,1161,14657,2192,2353,6267581,12,6,1,393,1610668,10,8,14,4,7,8,7,0,0,1
978,3669,6788,3175,503,2296,6064021,12,4,1,845,3747091,9,8,16,4,11,37,2,0,1,1
979,1206,6535,11044,1205,4468,7973961,9,3,1,832,1487591,4,4,10,9,8,44,8,1,0,1
980,820,8296,5812,1773,2583,7954209,10,7,1,832,3080156,14,2,16,4,11,40,7,0,0,0
981,3510,1015,9277,2169,2632,7134894,10,3,1,780,4768239,8,6,12,5,4,29,9,1,1,0
982,3176,8689,15688,1354,6143,6199447,7,8,0,668,2373167,4,2,8,11,7,48,2,0,1,0
983,4517,5300,2669,715,2009,5854405,10,8,0,885,777535,5,3,12,7,4,19,5,0,1,0
984,3257,3934,9363,1089,4428,1432861,11,7,0,305,2537348,13,2,10,6,10,39,3,0,1,0
985,2358,3969,17804,2480,4111,9089115,8,6,0,810,3479055,8,9,15,9,5,49,2,0,1,1
986,1416,2257,13404,555,6702,6177484,10,1,1,730,3149791,13,4,8,6,8,37,9,0,1,1
987,4620,1702,16363,1411,3362,6423977,12,9,1,566,3417672,5,5,13,12,5,6,10,1,0,1
988,4311,8839,5138,1684,3889,9493631,13,8,0,656,4449308,4,4,5,10,4,0,4,0,0,1
989,2404,9294,6771,1796,1655,5471542,7,6,1,718,5431,5,5,19,14,9,13,8,0,1,1
990,3126,1782,19762,1292,1784,3040553,10,9,1,303,3384087,11,5,6,14,7,39,4,0,1,0
991,3417,1469,7393,881,6671,5112123,6,2,1,842,4778787,6,6,14,10,11,35,10,1,0,0
992,3932,1209,4941,1781,1843,4508054,8,8,1,445,1116150,10,4,11,11,9,24,8,1,1,0
993,2235,2007,4958,870,2271,1788978,13,2,1,528,1311448,13,8,5,12,10,15,8,1,1,1
994,4663,7918,5593,1200,1118,8665376,12,1,0,418,2716344,12,2,7,5,9,9,1,0,1,0
995,3231,1242,6054,1469,2472,1843489,10,6,1,634,4710066,5,5,5,5,6,49,10,0,0,1
996,3042,4955,14838,1194,4303,2399765,8,1,0,775,2806144,14,8,14,4,9,14,1,1,1,0
997,2393,4879,5954,713,5334,4750608,10,1,0,313,2687783,10,9,17,6,10,39,9,0,0,0
998,4748,8678,2830,858,4067,2343216,12,2,0,589,2220185,3,7,17,4,4,45,8,0,0,1
999,1079,5866,19260,1772,3933,7885521,8,3,1,313,4876833,13,6,5,13,2,1,9,0,0,0
