,laptop,phone,tablet,television,gaming_console,amount_of_loan,interest_rate,time_to_repay,simple_interest,cibil_score,past_debt_to_repay,no_of_units_sold_per_day_of_laptop,no_of_units_sold_per_day_of_phone,no_of_units_sold_per_day_of_tablet,no_of_units_sold_per_day_of_television,no_of_units_sold_per_day_of_gaming_console,profit_percentage_last_year,competition_scale,sustainability,startup,management_effectivity
0,149835,60761,25032,41120,32773,5931878,12,4,0,870,2525987,8,5,2,1,1,23,6,0,0,1
1,146315,8929,33969,143484,29777,8188173,14,5,1,598,3523316,8,6,3,2,2,13,1,0,1,1
2,144420,14644,45126,98469,34560,7099039,10,9,0,386,494963,3,2,3,2,1,10,7,0,1,0
3,73746,39407,40451,84376,36319,5599963,13,2,0,792,3744041,9,3,2,1,2,10,3,0,1,1
4,83369,54694,38094,171167,36214,883985,8,7,0,454,4253796,5,1,3,3,2,3,7,0,0,1
5,136574,44323,30252,192096,42121,4107201,11,2,1,887,3773884,6,5,2,4,2,30,10,1,1,0
6,115435,28143,43035,75152,46648,5730451,9,7,1,635,1707877,3,3,4,2,2,33,3,0,1,1
7,74616,93395,36125,122193,42640,8815840,6,3,1,781,3311947,5,5,3,3,1,44,7,0,1,0
8,61248,81408,28140,128253,41900,4756063,7,5,0,850,1693223,7,3,4,1,2,35,6,1,0,1
9,57509,99212,29924,177044,49053,4961929,8,8,1,623,2124104,9,5,3,1,1,40,8,0,1,0
10,132191,44028,36270,186384,30986,9471460,10,8,0,695,3305003,6,2,2,3,1,39,2,1,1,1
11,137948,109668,42480,144024,36556,757840,6,1,0,680,2197119,2,1,4,3,2,32,6,0,1,1
12,60512,28439,31285,55388,42129,1586460,14,7,0,445,3007234,6,1,1,2,1,36,7,1,1,0
13,125519,42677,42823,160597,41701,1155722,10,6,1,518,2318116,8,3,2,3,2,41,8,1,0,1
14,62746,40161,39918,180392,26334,5579723,14,5,0,881,524750,8,1,1,3,2,31,3,1,0,0
15,94383,109596,27448,113676,39908,7404116,13,8,1,849,2964564,5,1,2,4,2,40,4,0,1,1
16,133080,106996,21069,182405,32455,1937998,13,3,0,509,1489281,4,4,4,4,2,22,9,0,0,1
17,72063,63632,37207,77313,40193,5097055,11,4,1,840,4605271,9,6,3,4,1,10,2,0,1,1
18,95597,6333,21913,92387,41389,5861272,8,5,0,611,3258889,8,1,1,3,1,13,4,1,1,0
19,123461,97753,34824,45521,26744,8768944,13,5,1,614,3287962,5,4,2,4,2,28,7,0,1,0
20,80583,85230,32824,161707,36290,1609598,10,2,1,325,783665,7,4,3,3,2,42,4,0,1,1
21,83973,35082,44751,50942,36207,4243235,13,3,1,568,3291300,7,3,4,2,1,9,9,1,1,0
22,129993,76848,45049,199239,41568,9986567,9,6,1,315,1598444,7,4,4,2,1,19,4,0,0,1
23,52143,69853,36287,44318,44035,9792287,14,2,1,472,539759,1,4,4,4,1,35,9,0,1,0
24,124878,51734,33860,46731,29963,3195735,9,5,1,520,854056,9,1,1,2,1,19,8,0,0,1
25,122878,49710,34743,51980,34389,4448825,9,6,0,609,3425241,4,2,4,4,1,34,5,0,0,1
26,63293,7666,49083,106882,43877,8690499,10,1,1,333,2387183,2,5,4,3,1,37,3,1,0,1
27,107486,35544,42664,189994,26168,3357445,12,6,1,847,2036361,2,6,3,1,1,8,8,1,1,1
28,136475,99822,35673,138392,27744,5021342,14,7,1,658,2876968,9,4,3,4,2,27,6,1,0,1
29,64890,80348,20846,58054,26974,9708795,10,9,0,376,514695,8,1,3,2,1,28,1,0,0,0
30,99182,117990,48510,198746,39467,4970061,13,8,1,894,3375238,2,6,2,4,1,21,4,1,0,0
31,107191,31835,43399,139322,40064,5989836,13,6,0,592,3505154,9,3,1,1,1,19,9,0,0,0
32,129378,39138,28018,89953,26131,7661084,11,2,1,353,1237803,1,2,2,3,1,16,10,0,0,0
33,112545,12487,29379,142645,32078,2029716,12,2,0,678,1102215,5,3,4,3,2,47,1,0,1,0
34,111103,62662,42398,63816,43808,2674635,12,7,1,827,416335,6,2,4,2,2,25,1,1,0,0
35,141570,90691,31703,129847,45378,6101715,11,2,1,865,1134408,8,4,2,4,2,19,2,1,0,0
36,134178,116959,44262,34634,36608,8577288,6,3,0,690,449859,2,3,1,2,1,15,7,0,1,0
37,125291,64309,47522,83185,41764,6750492,6,7,0,678,1076469,5,4,2,3,2,36,1,0,0,1
38,126239,35757,38927,88613,35419,862235,8,5,1,311,4331134,8,2,1,4,2,43,7,0,1,1
39,67919,57828,27678,69062,35031,3433622,12,6,0,497,3248434,4,6,4,1,2,27,1,1,1,0
40,65056,51887,47763,178454,42749,3590991,10,6,1,540,720884,4,6,2,4,2,29,3,0,0,1
41,52246,94443,32271,175040,26770,9008689,10,2,0,488,848426,5,3,2,4,1,13,2,0,0,0
42,88648,61878,41225,142406,35191,8371346,9,1,1,822,2895356,9,3,2,1,1,30,9,0,1,1
43,111147,8071,41728,67303,45461,4596145,9,3,0,627,449732,8,3,4,3,1,9,3,1,0,0
44,107854,40729,49915,197214,48250,7278909,10,4,1,318,4194779,7,2,4,4,1,43,4,0,0,0
45,133998,36037,28591,152903,28936,699951,9,3,1,506,4189037,7,6,2,4,2,33,5,0,0,1
46,106056,82144,35083,103870,29378,5682214,7,4,1,845,3928879,4,1,2,2,2,26,6,1,0,0
47,95285,89475,36608,112214,38990,8873329,8,5,0,600,1766602,6,2,4,1,1,39,5,0,1,0
48,128531,108668,39928,167808,29665,7931391,10,8,0,830,3229806,6,5,3,3,2,33,8,1,0,1
49,109521,100347,33732,79642,37770,3273554,12,6,1,847,4296901,8,3,3,2,2,14,2,1,1,0
50,117355,70450,21194,51878,30366,7939731,7,8,1,897,3538677,7,4,4,1,2,43,2,1,1,0
51,131794,91051,35520,80741,35959,9770852,12,3,0,673,4924934,7,3,2,2,2,32,1,0,1,1
52,121958,109462,37815,41285,39850,8054522,10,2,0,449,3977333,6,1,3,3,2,41,2,0,1,1
53,144675,92166,34883,149363,25967,4826119,7,2,0,871,186159,6,4,1,3,2,1,3,0,1,1
54,79923,107945,47266,76196,41538,8789235,7,7,1,579,4072166,2,3,3,2,2,39,6,1,0,0
55,80451,10015,49302,176933,31234,9307070,12,3,1,597,1290776,8,2,2,1,1,49,4,0,0,0
56,71841,84205,46171,106921,40758,6121278,13,3,0,700,217204,1,5,3,2,1,10,2,0,0,0
57,147332,101156,30295,74411,30679,1919794,12,4,0,637,551704,9,5,1,1,2,16,7,0,0,0
58,143259,57947,36470,197132,45772,3370172,8,4,1,468,2029878,3,2,2,4,1,49,7,1,0,0
59,104301,61673,31609,188655,35882,1681238,8,5,0,681,249069,2,6,4,3,1,37,7,1,0,0
60,136773,46942,41319,78455,45047,5411188,6,5,1,357,2727120,5,1,4,2,1,47,6,1,1,1
61,133658,42263,48039,117670,31793,2320455,14,3,1,727,2935958,7,6,3,3,1,18,6,1,0,1
62,143461,101793,49617,170972,40976,5475420,14,2,0,523,2344886,4,4,3,4,1,42,7,1,1,0
63,69514,15206,20311,41142,47276,6140846,13,4,0,856,2345245,7,4,1,1,2,21,10,1,1,0
64,116952,92643,27492,176896,38647,8279398,9,3,0,472,2257746,2,5,1,3,1,40,9,1,0,0
65,55305,113057,45832,190447,43767,2639128,8,4,0,649,526079,2,6,4,3,1,49,4,1,0,1
66,80679,62038,38658,146043,48730,5633949,7,6,1,454,3385700,2,1,4,1,1,46,7,1,1,0
67,141817,103408,45999,174771,44872,9696044,11,2,0,693,1708770,4,6,4,1,2,46,2,0,0,0
68,54479,73002,38286,71257,48850,5330535,7,6,1,626,4021810,7,2,3,4,2,24,6,1,1,0
69,60703,106308,44525,194642,30027,9775521,12,5,0,436,165849,7,5,1,3,2,30,5,0,0,1
70,74729,41008,25286,115915,46724,6177751,14,1,0,735,66681,6,4,1,1,2,31,8,0,0,1
71,68836,119177,42035,152292,34030,775880,12,2,0,806,1353856,1,5,1,3,2,1,6,1,1,1
72,83552,99783,31369,64171,37369,2959479,6,2,1,338,2344021,1,3,3,4,1,24,5,0,0,0
73,75798,98592,47766,96098,49625,8977878,14,6,1,431,2898873,3,2,4,2,1,37,9,1,0,0
74,58128,14362,40683,89715,40504,3126024,14,9,1,361,425999,5,3,2,2,2,39,10,1,0,1
75,63548,18489,46120,156270,40895,8577855,9,2,1,703,3226655,1,5,1,1,2,41,6,1,0,0
76,72936,33640,30937,117519,32087,2093812,12,6,0,382,3201476,4,3,3,1,1,34,2,1,0,1
77,135464,12862,48396,124021,29096,8777883,13,1,0,851,4936317,3,6,4,4,1,21,9,1,0,0
78,105572,62348,30694,74534,47433,4596416,13,7,1,608,4774369,5,2,3,2,2,5,1,0,1,1
79,108137,98528,46805,198347,43424,5715322,11,2,0,853,453160,8,3,2,3,1,13,2,0,1,1
80,88320,50561,24410,84154,34321,6538943,6,5,0,330,3988613,8,1,2,4,2,14,8,0,0,1
81,106090,52854,37924,171296,28389,2003629,9,2,0,369,623262,2,1,4,2,2,6,8,1,1,0
82,132922,28608,31185,124096,43240,5449525,9,7,0,470,4987703,2,3,3,2,2,47,2,0,1,1
83,111151,47401,45365,133378,27963,2996031,12,4,1,660,3039773,8,5,4,2,1,25,10,1,0,0
84,149198,43916,41263,102715,44143,9167921,10,1,1,727,4313804,1,1,1,1,1,4,7,0,0,0
85,72821,71039,40972,144126,41977,2061277,14,6,1,830,1956833,3,1,1,3,2,29,5,1,1,1
86,104160,110581,49093,169107,34128,6554758,11,9,1,335,1427093,8,1,3,2,2,16,7,1,1,0
87,113373,49229,30923,150567,30399,3497662,12,4,1,653,4961894,2,3,1,2,2,41,5,1,1,0
88,148131,86330,43169,148570,26649,9646927,7,7,1,524,2037185,2,5,1,1,2,20,7,0,0,1
89,127883,113596,45809,175099,31136,7046989,7,6,0,712,1307822,8,3,4,3,1,38,8,1,1,1
90,128317,52428,41671,67274,46526,4094442,14,2,1,691,3362334,3,5,1,3,1,22,6,0,1,0
91,147539,18750,41084,64021,42999,7049762,11,5,0,777,4492109,8,6,2,1,2,48,6,1,0,1
92,68091,35480,29320,79244,39499,2960787,11,5,0,502,4678954,9,6,4,3,1,39,10,1,1,1
93,100776,6851,31495,180881,40861,9401757,10,1,0,490,174415,7,1,4,2,2,2,4,1,0,1
94,74553,57304,45084,105139,49016,2763497,12,2,1,661,1924786,6,6,4,2,1,40,7,0,0,1
95,131210,114119,41540,167125,43413,2017857,11,1,1,816,2372127,4,2,3,3,2,9,4,1,1,0
96,60767,52154,37510,169806,30207,8531367,10,8,1,560,749110,3,4,1,4,2,46,5,1,1,1
97,74188,59491,36894,142376,35291,542675,7,9,1,316,1044276,2,1,2,1,1,20,6,0,0,0
98,95723,48743,36507,52924,27522,1341956,6,9,0,338,4742175,8,4,3,1,2,23,2,0,0,0
99,65073,97721,38152,175559,34782,8546836,14,7,1,824,3644560,7,4,4,2,1,23,8,0,0,1
100,141026,72058,36530,76796,26489,5354427,6,8,1,353,1457184,7,1,3,4,1,27,6,0,1,0
101,97271,20114,20208,124603,44117,7715092,7,5,0,815,2383395,4,2,3,3,2,43,3,0,0,1
102,98160,55341,46733,94920,42727,1366082,8,6,0,422,694384,4,5,3,4,2,48,9,1,1,0
103,70972,63526,41138,100298,28708,7184386,14,7,1,513,4153685,8,4,4,4,1,26,5,0,0,0
104,59916,26903,39958,154590,40961,1402019,14,4,1,809,4309342,4,2,4,1,2,37,7,1,1,1
105,124526,49503,24289,177488,31607,2464178,7,5,0,826,1175065,1,3,3,1,2,11,1,0,1,0
106,59361,81475,24735,67670,40964,3452926,13,9,0,304,961573,5,2,3,2,2,29,5,0,0,0
107,63459,99745,48006,150025,47971,2028841,12,9,0,762,2033302,8,2,4,2,1,29,7,1,1,0
108,109558,103705,25150,70579,48226,5612476,8,3,0,342,159694,6,5,2,1,1,37,10,0,1,0
109,125261,23622,32951,35331,37665,2217660,6,7,1,389,3648853,2,4,2,2,2,32,6,1,0,1
110,145329,63037,25410,141543,48749,5456669,13,1,0,490,2384253,1,6,2,3,1,9,7,0,1,0
111,131009,86282,41158,197535,31092,4099543,13,2,0,762,1128653,6,5,1,3,2,13,7,0,1,1
112,145329,69622,41375,175942,35073,4647599,9,5,0,875,1605046,4,3,1,3,2,5,6,0,0,1
113,134250,49419,29941,193851,31123,7380973,14,5,1,653,1180493,4,2,1,1,1,36,9,1,0,1
114,85111,33129,40555,36085,42350,4049400,13,4,0,519,2604054,6,6,3,3,1,17,8,0,1,0
115,89896,55581,37910,125433,46774,9152094,8,3,0,553,2829485,6,2,3,3,2,14,1,0,1,0
116,110433,61293,38449,189112,30090,599565,10,4,0,326,567679,1,1,2,2,2,48,8,0,1,1
117,109775,19783,48567,195990,48168,8966242,14,4,0,547,3191905,2,4,1,3,1,34,10,1,0,0
118,132643,76692,24629,193365,25761,9009613,11,5,0,333,2752232,9,4,3,2,2,18,6,1,1,1
119,78572,39887,49905,127698,42316,1947277,8,5,1,420,4856621,5,5,3,3,1,21,7,0,1,1
120,87917,34106,30174,138488,25362,1811153,12,7,0,329,3427378,4,6,2,4,2,22,10,1,0,1
121,103353,85474,37666,124527,37423,8778611,12,2,0,448,1179043,2,2,3,1,2,8,10,1,1,1
122,100670,111234,27277,138637,32534,4862442,10,1,0,793,240790,6,6,1,1,1,32,1,1,0,1
123,51720,22785,24908,192014,37428,2751473,9,9,0,414,1807517,9,5,3,3,2,3,6,1,1,1
124,66969,117357,35922,83552,44530,5448559,14,2,0,534,419742,7,3,2,1,1,41,9,0,0,0
125,134840,111690,24656,185206,32982,4769288,8,6,0,455,1020664,3,4,3,1,2,13,10,0,0,0
126,116641,81715,28153,171378,43891,4477530,7,2,1,749,2342104,2,5,2,2,1,13,2,0,1,1
127,57253,115509,21577,129130,38601,7513735,11,4,0,665,4125436,2,5,4,3,2,3,1,0,1,0
128,71425,42467,39592,124775,44075,9877782,10,4,1,507,1974594,3,3,4,2,2,38,10,0,0,1
129,70845,68375,29144,98570,47350,4295839,9,2,0,540,3996988,9,5,4,4,1,34,5,0,0,0
130,100289,10811,32067,121854,40595,1957729,6,3,0,485,4949062,6,4,4,4,2,20,8,0,1,0
131,120951,43600,34973,79440,26622,7835560,11,1,0,748,4610982,2,3,2,1,1,21,10,1,0,0
132,58934,12582,37303,195614,34159,1311734,9,9,1,465,4967523,7,1,3,4,2,43,1,0,0,1
133,132888,31360,36294,41265,28425,9954107,9,8,1,514,2101602,2,2,1,1,2,3,3,0,1,1
134,144429,41748,21497,172298,31494,6530271,8,5,0,431,89692,2,5,4,1,1,37,1,1,0,0
135,60565,116794,38452,140969,48144,2776657,11,8,1,830,4153495,6,6,3,4,1,41,6,0,1,1
136,143646,48667,36654,94228,27620,2926639,9,7,0,357,1730264,7,2,3,1,2,48,5,1,0,1
137,81564,35825,35831,53387,29761,9803667,7,6,0,429,4911214,1,1,1,1,2,5,1,1,1,1
138,55127,50188,33754,129665,37203,8289170,13,7,0,657,2838659,4,4,3,4,2,6,3,1,0,0
139,131400,26808,37859,100314,33454,5565158,14,9,1,890,5890,1,3,1,1,1,35,4,0,0,0
140,132501,93561,20729,110074,41334,4061604,6,2,1,308,3180662,2,4,3,1,1,47,4,1,1,1
141,88647,22563,31688,140374,27850,7297392,6,1,0,627,1134036,6,5,3,1,2,9,2,1,0,1
142,57608,86822,45648,198583,47049,2369916,8,3,1,324,2312903,5,5,2,1,1,11,6,0,1,1
143,98491,93524,22626,130610,32588,2116482,6,3,0,588,3488080,9,1,1,3,1,39,5,0,0,0
144,110112,97096,38686,124385,48559,692457,13,1,1,826,799975,9,5,1,2,1,33,6,0,1,0
145,83197,43093,22062,86732,36923,2087844,7,2,1,585,3353695,2,3,4,1,1,33,9,1,0,0
146,73536,69521,43966,129508,26092,5668240,12,7,0,687,1066631,1,6,2,4,2,25,1,0,0,1
147,124183,41793,47079,81937,47233,5755367,10,4,1,381,108573,3,6,2,1,2,32,1,0,0,0
148,52996,19932,27137,149841,38560,4941223,14,9,0,655,384881,4,4,4,4,2,27,3,1,0,1
149,58827,44572,30110,58543,35985,3066337,13,6,1,475,1483516,5,2,1,1,2,45,7,1,1,0
150,104966,35782,37658,179477,33459,8286372,9,5,0,836,3588791,5,4,1,1,2,20,2,1,1,1
151,148305,110284,29689,159007,47698,9389165,11,6,0,517,2169130,4,5,2,2,1,8,8,1,1,1
152,122161,50339,37191,80998,40676,6341382,6,2,1,794,3006915,1,2,4,2,2,5,9,0,1,1
153,51380,63484,33580,66919,44034,8703968,9,4,1,867,382046,5,1,3,3,2,24,3,0,1,1
154,95440,66543,20542,161769,28367,5403098,10,3,0,665,4141337,5,6,1,1,1,33,6,1,0,1
155,144834,27882,28015,111469,39750,4029221,10,9,1,627,3215803,4,2,2,2,1,7,10,0,1,1
156,109487,34447,30424,66006,49816,7672383,14,1,0,822,224257,4,4,3,1,2,6,8,1,0,1
157,111696,108659,24163,116664,28482,1998915,13,9,0,889,4913470,5,2,3,2,1,37,4,1,0,0
158,71048,31130,20691,95621,43436,1549574,13,2,0,344,1193834,1,5,1,3,2,47,3,0,0,1
159,72467,110150,44973,197249,27070,3774629,11,9,1,540,1352732,1,5,2,4,2,45,6,1,1,1
160,120651,35746,31477,141354,27771,4646234,12,1,0,557,2253228,1,2,4,2,1,1,7,1,0,1
161,67208,54061,21025,120431,36553,9606870,10,8,0,814,3823682,2,2,1,2,2,26,6,0,0,0
162,128778,45081,41358,95386,41268,586432,13,5,0,397,2840876,7,6,3,3,1,33,5,1,0,1
163,138485,54913,40333,95983,44237,812319,13,3,1,868,3474765,3,3,2,3,1,38,3,1,0,1
164,114641,105647,21120,176391,45787,4541823,13,6,1,428,800911,9,1,4,1,2,2,6,0,0,0
165,110167,107176,41861,145778,36932,7439132,12,3,1,524,859232,1,3,1,2,1,33,5,0,0,0
166,130597,56696,27758,53403,26077,6003647,14,6,1,348,4740301,9,1,4,3,2,15,10,0,0,1
167,134253,37570,43682,160714,26376,7192562,8,8,1,865,2897130,4,3,2,2,2,44,6,0,1,0
168,51794,47704,45043,182783,33391,8880248,14,7,1,454,3199226,5,6,2,4,2,41,1,0,0,1
169,133079,104136,33757,164512,47600,4443802,11,8,1,880,3801545,5,3,4,4,2,45,3,1,1,0
170,94277,106681,27924,97611,38019,1252868,10,3,1,531,4363533,3,6,1,3,2,35,8,0,1,0
171,138941,117490,30793,55746,39031,1933515,12,3,1,672,1050529,1,6,4,1,1,38,8,0,0,0
172,114951,84079,48903,128706,31091,9056572,12,5,1,408,100154,4,1,4,4,2,17,6,0,1,1
173,92601,31066,26663,136102,48633,4426740,8,6,0,505,4707250,5,5,1,1,1,12,4,1,0,1
174,69462,36802,34931,174238,41674,7035311,9,5,1,455,3647113,4,6,1,2,2,25,10,0,0,0
175,101818,40392,31200,56366,39825,1144001,13,8,1,616,1376263,9,3,2,4,2,39,7,1,0,0
176,148605,96034,47313,51131,47527,5967767,11,2,0,886,2302011,4,6,1,3,2,19,6,0,1,1
177,134536,116856,26443,56094,48610,6925972,13,8,0,726,1057624,5,3,2,4,1,33,8,1,1,1
178,121423,48761,27359,73867,40026,6985566,13,5,1,598,2346766,1,5,2,2,2,39,3,0,0,0
179,100449,10631,42973,125060,30077,7421676,13,2,0,457,1340532,6,2,1,1,1,6,4,0,1,1
180,66089,28383,20584,66155,48854,8452672,8,1,0,628,3882757,2,3,4,2,2,25,4,0,0,0
181,72705,115731,44454,93207,46810,1327708,11,3,0,610,4776364,2,3,1,4,1,9,7,1,1,0
182,100543,52769,38914,134847,38415,7837497,10,9,1,823,2076541,9,2,2,2,1,2,5,0,0,0
183,129353,44822,26134,34904,31817,6477353,9,4,0,786,3405340,9,2,3,3,2,22,10,0,0,0
184,122385,19266,33453,177871,27350,4429428,6,6,0,604,1631468,7,2,2,4,1,16,1,1,0,0
185,66426,85316,29406,199062,45536,1914236,14,6,0,344,4853796,2,3,1,1,2,34,3,1,0,0
186,146673,61408,41763,115919,47735,7521205,14,8,0,713,2082848,9,5,2,3,2,41,10,0,0,0
187,126983,111353,21400,43437,30622,1690275,13,2,1,331,4467574,4,1,1,2,2,45,3,1,0,1
188,73665,93788,45510,119653,30243,3423837,10,9,1,527,1047455,1,1,1,3,2,4,6,0,1,0
189,121370,112581,49248,43779,25215,7334859,8,4,1,604,4340179,6,6,3,2,2,17,5,0,1,0
190,79681,84810,23139,108684,47749,4859423,10,6,1,607,977647,4,2,4,1,2,49,7,1,0,1
191,134587,96269,21564,132296,39124,4548914,7,9,0,431,2560288,9,3,4,1,2,23,3,1,0,0
192,58405,114416,35457,115360,40943,5947366,11,7,1,441,3246686,6,1,4,2,1,10,3,0,1,0
193,118761,109723,28218,186132,33162,2716079,8,8,0,625,512372,4,4,4,3,1,4,2,0,0,0
194,106463,12012,44335,127471,33966,4496632,6,8,1,669,3470809,2,3,2,3,1,14,7,1,1,0
195,68427,109456,41895,89180,29428,5806725,11,4,1,474,531505,3,3,3,2,2,45,4,0,1,1
196,111092,119227,44245,163162,41941,9178747,13,9,1,369,2840872,5,5,3,1,2,6,1,0,0,0
197,84878,101871,29232,113616,27231,1036794,11,2,1,319,3170451,6,2,3,3,1,48,5,1,0,0
198,109862,28057,21272,188248,37759,6666105,8,2,1,399,4929101,1,1,2,3,1,47,3,1,1,0
199,94641,42575,23384,163872,43315,9357286,6,2,1,676,4996980,5,2,1,1,2,3,6,1,1,1
200,141384,104518,29199,45000,38650,4727891,8,4,0,785,2222136,5,5,2,4,2,44,6,0,0,0
201,99698,34862,30277,133333,42291,8198244,9,2,0,624,1569815,5,5,4,3,1,0,5,1,1,0
202,58244,45976,49174,186520,48419,7705354,11,2,0,459,19310,1,6,3,3,2,18,3,1,1,1
203,89212,113271,24186,63405,31749,1237135,13,5,0,561,4674287,5,4,3,3,2,18,5,1,1,1
204,102527,61274,26689,160134,46357,2414572,11,3,1,401,2516822,6,3,3,4,2,23,5,0,0,0
205,93296,55968,33829,44352,37620,4188425,7,9,1,870,1589819,4,3,4,2,1,40,4,0,1,1
206,145005,7546,45602,153245,29745,1544209,8,4,0,741,2723701,4,4,3,3,1,42,4,0,0,1
207,86560,91128,33579,174192,43871,9679283,6,3,0,496,864614,8,4,4,1,1,38,8,0,0,1
208,64672,105076,40420,181054,30989,5201558,8,8,1,548,4591578,2,6,2,4,1,1,7,1,0,1
209,113027,65380,47511,107428,33492,5744895,11,5,0,764,2058085,7,5,2,1,2,35,4,1,0,1
210,138739,54869,32702,86528,34521,3631273,7,3,0,899,2060581,9,1,4,3,1,10,2,1,1,1
211,72925,13189,29743,56041,31612,8597021,9,6,0,503,226340,9,4,4,1,2,17,2,0,0,0
212,149830,38752,28210,190471,34777,7153645,6,8,1,841,2905286,4,3,4,4,2,8,9,1,1,1
213,84041,90333,20445,65067,26056,3906524,6,6,0,807,178025,9,5,1,3,2,9,3,0,0,1
214,84817,76678,33124,149244,39249,9563160,7,2,0,886,91415,3,4,3,4,2,6,6,1,1,1
215,56813,60738,37883,91880,46317,2199986,7,5,0,613,4093715,4,5,3,2,1,19,1,1,1,0
216,120149,101994,44369,163326,27311,8310582,13,2,1,399,63988,7,1,1,2,1,6,3,0,1,0
217,101576,78890,38380,36688,35673,7149103,10,2,0,561,83761,9,2,1,1,1,15,1,0,0,0
218,83294,110329,23363,63791,30739,4741234,11,2,1,440,2235746,1,2,2,3,1,24,4,1,1,1
219,146714,117198,45529,193272,41826,4392403,10,3,0,488,1554244,4,3,3,1,2,41,1,0,0,1
220,134470,7442,28688,54147,43429,4511912,11,3,1,508,149276,7,1,3,3,2,47,3,1,1,0
221,140641,27448,38216,75492,34559,4741683,6,6,0,712,3806525,4,1,1,4,1,26,5,1,0,1
222,70992,83096,25160,43045,31249,696753,11,9,1,814,1071468,3,2,2,2,1,2,1,1,1,0
223,91544,44522,28205,63360,28032,8820804,12,5,1,695,39435,2,4,2,3,2,46,3,0,1,0
224,76999,103816,42100,72054,34357,8304862,12,5,0,809,228285,7,3,4,3,2,12,1,1,1,1
225,124664,67015,39162,93348,33850,3441137,10,5,1,473,2148029,8,6,3,2,2,6,7,1,0,0
226,91257,34891,37796,120020,25223,7833326,8,7,1,593,1294228,3,6,3,4,1,40,9,0,0,1
227,135854,6458,47424,51655,41957,8311640,6,3,1,493,3959166,8,2,4,4,1,13,9,1,1,0
228,139480,72792,43070,181256,28712,778815,13,6,0,691,69264,4,5,1,4,1,22,1,1,0,0
229,107321,24456,40361,68607,48231,4177287,7,2,1,566,107239,7,3,1,4,1,19,8,0,1,0
230,99735,99592,49941,144085,32211,9535292,13,6,1,421,3120780,3,1,4,4,1,5,5,1,1,1
231,129366,93222,25242,54340,31861,841844,6,6,1,880,1203432,9,5,1,2,1,33,10,0,1,0
232,140310,76299,44809,158208,29475,9308595,12,9,1,702,1072222,3,4,2,1,1,42,8,1,1,0
233,112036,50779,23022,118623,39279,3623582,8,6,0,476,1167504,8,2,2,2,1,24,4,0,1,1
234,129501,7362,40995,181005,29063,3581009,14,3,1,519,3915716,8,3,4,3,2,16,8,1,0,1
235,75891,91278,36710,73886,27536,1130598,12,7,1,316,4339755,8,5,2,4,2,6,10,1,0,1
236,124026,22672,26014,124029,26643,7715136,6,8,1,504,3230767,5,5,3,4,2,32,10,1,1,1
237,101981,35550,36950,127651,34415,9726148,8,5,0,520,4929701,7,6,4,3,2,9,10,0,0,1
238,116639,113420,42561,152968,49357,5823278,11,4,0,410,871519,4,5,4,1,2,47,7,0,1,0
239,83387,119751,32564,154873,47352,6233553,6,2,1,522,1989471,5,3,4,3,1,41,8,0,1,0
240,86242,105672,25689,54768,39945,7210072,8,1,0,369,2220726,6,2,2,3,1,45,5,1,1,0
241,119833,64534,25509,56785,41065,4878413,8,9,1,751,4678889,5,6,4,2,2,14,9,1,1,0
242,135173,51354,24184,190100,27105,9856233,10,1,0,694,649335,6,2,3,1,2,40,10,0,0,1
243,137155,108601,42200,187546,27020,3039658,13,9,1,607,4652971,7,2,3,3,1,20,2,1,0,1
244,112439,15790,24329,130815,41122,7648169,12,9,0,559,1790635,4,2,3,2,1,43,4,1,0,0
245,95370,12154,26667,193328,37688,9818250,13,3,0,673,774037,9,6,4,4,2,47,4,1,1,1
246,104817,63220,36695,114901,31481,6059350,7,7,0,502,3816811,1,2,4,1,2,7,2,1,0,0
247,55372,113091,29109,166472,44069,3699962,7,1,0,775,1910985,2,5,1,1,1,33,2,0,0,1
248,68896,8384,42009,125625,27443,7530923,9,6,0,383,3719923,2,3,1,4,1,21,10,0,0,1
249,146028,94856,31829,166761,42197,1940191,9,1,1,731,1972335,5,1,1,1,2,5,5,1,0,1
250,115100,102830,43866,84981,48209,804257,13,9,0,328,54319,5,2,4,3,1,22,6,0,0,1
251,111169,68496,36499,41600,38357,7417133,11,8,1,668,4686651,9,5,1,4,1,32,5,1,1,0
252,141169,67370,33664,194149,35945,3540324,13,3,1,657,4716760,2,6,4,1,2,21,10,0,0,1
253,96252,31845,28152,35751,33938,8550779,11,4,0,615,1734483,3,1,1,4,2,31,10,1,1,1
254,65453,7279,48797,153553,30949,3953634,14,7,1,728,4705967,8,5,3,4,2,45,3,1,1,0
255,73615,82425,21080,86602,45251,6803965,7,2,1,848,4689141,1,6,3,1,2,2,7,1,1,1
256,58816,109069,29505,166238,27719,8177013,13,7,0,439,2538342,8,3,1,3,1,25,7,0,0,0
257,55149,39875,25127,51413,41210,2406190,11,6,1,614,319241,4,5,3,1,1,46,3,0,1,1
258,117061,51199,26550,122370,37970,3632571,12,7,0,793,3672210,1,4,3,3,2,37,8,0,0,0
259,72552,42084,27794,98756,31746,7201919,11,2,1,439,3981701,9,3,4,1,1,11,5,0,0,0
260,102852,103663,42789,124843,35206,2085678,6,6,0,809,1294190,6,3,4,2,1,30,5,0,0,1
261,99149,119816,20874,47332,48716,4246361,9,7,0,454,2847584,8,1,3,4,1,45,1,0,1,1
262,57256,56586,24681,100193,34246,723959,13,3,1,617,589920,4,6,4,2,1,31,1,0,0,0
263,84138,70716,43292,188660,32268,2403973,11,4,1,648,3196393,7,6,4,2,2,8,9,0,0,0
264,88044,22435,44931,137382,45329,1392250,12,9,1,639,3121172,9,5,2,2,1,6,10,0,0,1
265,114885,73812,44504,137246,28327,7819159,7,6,1,576,2785337,4,1,3,1,1,7,6,0,0,1
266,118961,54542,26127,120960,28429,7008961,10,7,0,582,4269208,9,5,3,1,2,35,5,1,1,1
267,84565,93965,21774,91843,37306,1822926,7,9,0,561,1788224,4,5,2,1,2,22,10,0,0,1
268,86095,25853,23413,118543,45956,4314402,7,5,0,561,3500873,9,5,1,4,2,31,6,1,1,1
269,53364,12696,34788,94416,27370,7871185,12,9,1,684,621591,1,1,3,4,1,3,3,1,0,1
270,106431,81466,24029,105991,29176,8535323,9,3,1,480,202511,8,4,2,3,1,12,9,0,0,0
271,75833,93867,22259,110087,32805,3584531,13,8,0,467,1777041,7,4,1,3,1,30,2,0,1,1
272,90442,79238,33985,142248,49132,5040848,14,8,0,429,651353,7,3,1,3,2,24,9,0,1,1
273,97840,12950,41252,120550,27001,685762,6,8,1,734,2440194,6,4,4,3,1,26,5,1,1,1
274,139690,37991,49118,184675,44569,5657881,6,8,0,335,749519,5,5,3,3,1,37,9,1,0,1
275,98496,47514,35692,87563,26717,1554290,7,9,1,590,2573222,2,6,2,1,1,40,3,1,1,0
276,65794,110430,36404,94684,39000,3953642,14,5,1,679,2169138,6,6,1,3,2,9,8,1,1,0
277,99365,47337,39156,131609,35765,3922313,10,2,0,445,2390009,9,3,4,4,1,32,7,0,0,0
278,102381,78595,24518,190741,32278,2585002,9,4,1,721,4583482,7,5,3,4,1,7,6,1,0,1
279,85341,19827,40031,47537,47842,8388995,11,8,0,515,677367,1,2,1,1,2,5,9,1,0,1
280,57234,49465,28049,174962,48700,8251371,7,3,0,317,401920,1,4,1,3,1,45,6,1,0,0
281,132270,113884,24136,99661,25957,4621868,8,5,0,477,2683163,2,1,2,1,2,35,9,1,0,1
282,76014,119442,46461,34784,25774,1979729,13,1,1,592,2684525,1,3,3,2,2,34,4,1,1,0
283,101418,20219,38162,166626,41053,2073120,9,4,0,319,818040,4,5,2,3,2,16,7,0,0,0
284,112378,41557,41510,137900,49505,4709615,6,2,1,585,796347,5,4,3,4,2,45,5,1,1,0
285,113234,13482,45148,81184,49779,2760759,11,5,0,867,537375,6,2,4,1,2,40,9,0,0,1
286,59891,33643,42531,129310,34942,2303809,8,4,1,868,4846517,1,1,1,4,1,45,2,1,1,0
287,83391,5672,26089,168867,41662,537501,12,4,1,884,1288030,3,2,4,2,1,48,5,1,0,1
288,89419,96896,20345,169088,31525,852306,7,7,0,803,4711493,3,6,1,3,1,34,9,1,1,1
289,59073,88500,21940,87454,47092,4153797,11,1,1,624,3559661,9,3,1,3,2,9,5,0,0,0
290,144589,32954,40378,32320,35504,9444474,12,9,1,884,1622722,9,1,1,1,1,6,3,0,0,1
291,119930,98393,30227,36201,35879,8987920,10,4,0,373,3683058,4,5,3,3,1,24,9,0,0,0
292,97424,55474,35582,78099,28872,1010987,6,7,1,536,1080000,1,5,2,3,2,47,8,0,1,0
293,141045,60519,27980,142217,38362,9625945,9,1,1,521,3117670,2,5,2,1,1,21,5,0,1,1
294,73841,86102,22049,182147,49959,4992141,12,8,0,424,3529761,1,2,3,3,2,1,9,0,0,0
295,122904,78691,28135,64664,27928,9094154,13,3,0,839,3027142,6,3,3,3,2,0,7,0,1,1
296,120831,71909,45164,142844,26672,9616701,10,5,0,484,4161442,5,3,1,1,2,35,3,0,1,1
297,121473,109063,30381,43557,43600,1821169,10,4,1,783,4190011,1,2,1,1,2,19,8,0,0,1
298,61732,11883,49508,174919,31126,5285589,9,9,1,360,4786741,8,6,3,4,1,1,5,0,1,1
299,136898,6505,44477,105878,40257,4246817,8,9,1,337,4560133,2,6,1,3,2,23,3,0,0,0
300,133758,25776,32414,182700,30026,6006181,14,7,0,879,1201478,8,3,3,2,2,6,9,0,0,1
301,119451,8238,39217,114946,41136,3542764,9,1,1,549,313052,9,5,1,2,2,31,1,1,0,1
302,61389,102721,26633,139079,41388,1349820,14,1,1,725,397430,5,3,4,2,2,4,4,0,1,1
303,62984,99161,26457,178714,36986,2730441,14,6,0,385,4124001,6,3,2,2,2,29,10,0,0,0
304,117108,87310,49761,193055,27385,6007401,11,1,1,582,2286070,4,3,4,1,2,19,8,0,0,1
305,122217,36935,21584,99460,34758,1021350,8,6,0,676,1178508,9,6,4,1,1,48,9,1,0,1
306,102353,51527,36345,167789,48192,1228707,9,8,1,562,13134,2,1,1,3,2,30,10,0,0,0
307,65921,118883,20879,164116,25533,2753732,13,6,0,569,3456663,7,4,4,4,2,6,2,1,0,0
308,130427,103995,35091,51423,27590,4813010,10,9,1,549,2493466,5,2,4,4,1,15,6,0,0,0
309,74986,44957,31984,184215,46747,9269797,13,5,1,672,406457,8,6,2,1,2,25,6,1,1,0
310,110394,59756,29339,107881,31128,1300126,6,5,0,857,651316,3,4,4,2,1,15,3,1,0,0
311,103359,115468,23555,72455,31159,8160151,14,8,1,613,4683333,3,6,2,1,2,31,6,0,1,0
312,52410,102954,26252,161847,47851,4158725,10,3,1,794,2386464,2,6,4,2,1,37,8,1,0,0
313,120477,19235,42606,166448,40493,3209073,9,5,0,501,4810463,1,3,3,3,2,20,7,0,1,1
314,86959,85576,36692,120144,49760,9160672,8,2,0,694,3271192,7,2,3,3,2,39,3,1,1,1
315,137686,91429,30354,96131,34596,9586284,7,5,1,699,4430474,8,1,1,4,1,23,6,1,1,1
316,99454,29254,26364,127008,25320,7798702,6,5,1,498,1149243,3,6,4,4,1,9,4,0,0,0
317,121520,109309,43159,94929,49467,1654880,7,6,1,781,851061,1,3,3,4,2,3,2,0,0,1
318,81414,18539,38747,72924,38928,7530626,11,2,0,367,2611540,9,1,2,3,2,23,7,0,0,0
319,133852,45663,20698,59572,34618,8312191,14,2,0,567,963544,7,5,3,2,2,21,5,0,1,1
320,84423,12651,33202,115396,39976,3554031,14,5,0,568,735102,3,2,4,4,1,11,10,0,1,1
321,148074,10267,28801,91398,26712,1996720,14,6,0,744,3979758,1,1,2,1,2,49,2,1,0,1
322,57564,44979,41608,177409,38814,5918803,8,7,0,653,2842066,4,4,2,1,2,9,6,0,1,0
323,99747,102552,49058,93305,25140,7262456,7,9,1,337,3517291,2,1,4,3,2,9,2,1,1,1
324,98677,25879,38210,90215,35217,8998846,8,5,1,443,1928989,9,3,4,4,2,44,5,0,1,0
325,114113,62236,28258,139115,45377,9698659,7,8,0,431,2633262,5,5,3,1,2,35,4,0,1,1
326,149345,54381,29986,90984,32225,1828968,10,5,1,524,3012285,3,1,2,4,2,15,9,0,1,0
327,118847,115359,48194,87169,40717,7125915,6,3,0,336,3385335,6,3,2,4,2,45,2,1,0,0
328,67014,115289,45833,66515,32227,4472358,9,7,1,726,3579116,6,4,3,2,2,16,7,1,1,1
329,105250,76256,36564,168878,25782,5467954,11,2,0,726,254068,6,3,3,3,1,14,7,0,0,1
330,62393,67224,30917,84624,46028,7595965,13,4,0,330,805981,4,6,3,3,1,3,4,1,1,1
331,61999,69875,26423,135793,49661,8732124,9,2,0,422,3299594,6,6,2,4,2,0,9,1,0,1
332,144976,67341,26036,88643,45154,7678180,14,6,0,420,4573446,9,2,1,2,2,17,9,0,1,0
333,87707,65578,48474,61862,43174,4544775,10,5,0,753,2688196,7,3,1,2,1,49,10,1,1,0
334,54661,6725,20394,121155,41536,5181693,11,6,0,425,2650319,8,5,3,1,2,45,7,1,0,1
335,88105,64854,35800,64504,39277,4617312,12,8,1,839,1798797,4,2,4,3,2,29,2,0,0,1
336,50408,60701,42906,44994,42390,8671719,9,3,0,885,1163150,6,1,4,1,2,42,2,0,0,0
337,117511,68547,40658,146096,25158,9860931,10,5,0,762,3843777,4,6,1,2,1,13,5,0,1,0
338,73619,57748,43752,133854,39999,4034630,6,2,0,616,4291690,1,5,3,4,1,47,4,1,0,0
339,67633,108724,45617,91878,34321,5776916,14,5,0,310,1927645,5,2,3,1,2,22,6,0,0,0
340,97528,112019,31080,146590,34647,1506544,12,7,0,435,1412769,5,1,3,3,2,3,8,0,0,0
341,94829,39684,23398,145809,28877,8106918,8,6,0,857,1713365,6,4,4,1,1,47,3,0,1,0
342,103787,113979,20563,109296,25835,9876099,9,1,0,606,4229826,8,3,3,1,2,37,10,0,1,1
343,114639,99957,40205,140779,26235,4472518,7,4,0,311,584933,6,1,4,1,2,14,1,0,1,1
344,91877,54554,23852,119162,45320,7642448,9,7,1,464,1537948,1,4,4,1,2,30,9,0,0,0
345,148650,50462,38589,68719,25995,3733791,6,3,1,777,4645121,8,3,2,4,2,16,4,0,1,0
346,141150,117951,35901,127374,27589,9011653,8,5,1,785,4190152,5,4,3,2,1,7,8,1,0,1
347,63117,25246,25839,118945,27589,9753206,10,9,0,448,2244550,1,4,4,3,2,18,10,0,0,1
348,90326,64711,22603,126263,42172,6697888,9,8,1,514,4756072,1,5,1,1,1,20,6,0,0,0
349,84841,33285,43339,196934,49509,7088557,7,8,0,740,1433615,4,6,1,1,1,1,5,1,1,1
350,96655,76745,32474,124062,36740,9684528,11,1,1,646,399239,3,2,4,3,1,11,10,1,0,1
351,89651,107776,31260,63055,25731,5421740,13,1,0,785,1517260,7,3,1,1,2,48,7,1,0,0
352,134245,21875,35672,173144,25732,4630035,6,9,1,417,762453,4,2,4,4,2,0,1,0,1,0
353,127332,33420,37893,177214,39409,7949692,9,4,0,323,4647954,1,5,2,4,1,1,5,1,1,1
354,132115,93067,22864,58955,33768,3212304,14,1,1,531,2342378,7,2,1,4,1,19,6,0,1,0
355,140048,84661,31383,82551,26326,6777740,7,5,0,381,2976677,7,5,4,1,2,24,7,1,1,0
356,145663,102088,21901,37003,41247,1043235,13,2,0,392,4471803,2,6,3,4,1,25,9,1,1,1
357,115386,100130,24054,196699,32484,1676390,7,1,0,545,3019481,1,3,2,3,1,39,2,1,1,0
358,79282,66279,43113,98511,34125,7163147,6,3,1,630,3106004,2,2,4,4,1,32,7,1,1,0
359,83721,118777,37895,130095,43245,9154341,7,4,1,388,426251,5,5,1,2,2,17,6,0,1,0
360,60534,116846,21162,131027,32511,6469596,8,4,1,682,1515590,8,2,3,3,2,12,6,1,1,0
361,63310,21014,41218,106451,27857,3175070,10,9,0,757,3488739,2,6,3,4,1,34,4,0,0,1
362,77442,89059,22756,85075,46336,3682595,8,8,1,506,205372,1,6,1,3,1,21,1,1,0,0
363,114101,28590,28328,38609,35215,3055384,9,6,0,731,938402,8,5,4,1,2,23,10,0,1,1
364,137164,26492,24306,60954,36754,556079,10,4,0,813,2036756,8,4,4,3,1,21,2,0,1,1
365,115717,84073,43038,91319,34897,7439613,11,4,1,520,877212,5,1,3,4,2,36,9,1,1,1
366,117660,60324,49425,135371,34312,9422185,8,7,0,683,2560809,5,3,4,4,1,49,5,1,0,1
367,130883,42319,22862,184602,46455,6950195,11,4,1,320,3307764,1,1,3,3,1,3,4,1,0,1
368,121317,43474,34867,164674,44880,3574447,8,7,0,701,717353,3,6,3,1,1,19,9,0,0,0
369,149938,99828,22923,159873,49926,3600199,11,9,1,620,4830710,3,3,4,4,2,7,4,1,1,0
370,72752,86429,44053,154271,32918,4419522,14,6,1,351,3218215,4,2,4,4,2,25,6,0,0,0
371,97550,103765,46156,103935,49620,2097890,12,1,0,769,1313926,1,6,2,4,1,10,4,0,1,0
372,132821,98803,26876,101220,30773,5565745,11,5,0,761,4082482,1,6,2,4,2,9,7,1,1,1
373,129708,85644,39083,172424,26095,9259634,7,3,0,433,4428218,5,5,2,1,1,29,1,0,1,1
374,109131,25034,23807,93230,34967,4685766,13,7,1,564,1311914,6,2,3,3,1,25,5,0,0,0
375,119192,80715,44364,182861,25496,4076408,14,9,1,397,4925716,1,6,3,3,1,5,10,0,0,1
376,107835,97780,30773,50304,48563,5915041,6,8,0,624,1145428,3,1,3,1,2,19,8,1,0,0
377,139462,12185,37879,122905,38057,8547585,9,4,0,645,494709,3,5,1,4,1,14,4,1,1,1
378,84791,86250,30675,65595,43950,5245854,14,8,0,533,2843423,6,3,4,1,2,18,6,1,1,1
379,108725,62158,27884,112673,46184,2903284,13,5,1,563,4818660,9,6,1,2,1,41,3,1,0,1
380,51104,17195,32291,109987,40449,4256071,8,9,0,560,4455885,9,6,2,2,2,20,5,1,1,1
381,144326,88728,20648,172243,25516,8794535,11,5,0,363,2280984,4,4,3,4,1,35,10,1,0,1
382,50808,21589,38399,87373,32151,9053421,12,7,0,505,2688740,5,2,3,2,2,43,7,1,1,1
383,65977,17158,21920,54701,47885,8763945,14,6,1,861,2577309,2,2,1,1,2,30,9,1,0,0
384,139209,67147,45239,183198,47934,1284064,11,9,1,460,3951306,4,5,1,3,1,24,5,1,1,0
385,109222,74696,20582,95573,47892,6691453,6,3,1,548,4709663,8,5,2,3,2,49,1,1,1,0
386,59749,75615,26651,43495,48441,9745373,10,5,0,788,3988748,4,3,2,1,2,8,9,0,0,1
387,73059,34364,35167,85004,28207,3774411,12,3,1,472,1832433,2,4,1,3,1,12,7,1,0,0
388,143655,43560,35681,111597,33790,7433831,10,4,1,369,3593648,6,5,3,2,1,24,10,1,1,1
389,139294,6132,20705,179764,46204,8769897,9,7,1,469,2951765,3,1,4,2,2,3,10,1,1,0
390,83264,103545,46808,193192,28586,8015705,6,1,1,894,3629392,3,2,3,2,1,13,8,1,1,0
391,85942,16699,45295,47996,33369,6947684,7,8,1,412,4767956,5,1,4,3,1,8,8,0,0,1
392,121246,82059,44726,195798,42216,5860214,6,4,0,870,3620363,1,2,2,1,1,37,3,1,0,1
393,122032,117553,24604,138603,25910,671433,7,9,0,412,1711381,3,4,3,3,1,21,3,0,0,1
394,64282,28537,39249,73458,43583,512918,10,2,0,518,22568,1,4,2,3,1,7,1,0,1,1
395,61440,38926,48111,82433,42977,9340529,7,3,1,504,1260685,6,3,1,4,1,1,6,1,1,0
396,80047,16701,37437,107221,27872,9457178,12,8,0,674,693207,8,1,1,3,2,5,5,0,1,1
397,53920,13094,21031,53332,25106,7616369,13,9,1,665,1503012,4,6,4,1,2,36,10,1,0,0
398,74896,10261,35510,77795,31240,8420445,9,2,0,307,2393659,9,3,4,4,2,13,1,0,0,0
399,51080,7488,37113,179857,44729,8356427,13,5,0,547,3539442,9,3,3,3,2,26,5,1,1,0
400,143514,27443,46613,164127,42482,9622797,11,7,1,732,3975424,1,6,1,4,1,18,7,0,1,1
401,56058,17343,25887,86087,32717,9350393,11,9,0,521,363119,6,2,2,4,1,17,4,1,1,1
402,132122,13983,28679,40340,29671,5036487,12,5,1,580,4690642,5,2,4,1,1,10,2,1,1,0
403,57017,48562,22582,189240,27828,2063070,11,4,1,759,1826976,2,2,4,4,1,4,8,1,0,1
404,92061,8512,30589,63262,46028,2490330,10,2,0,441,4797358,5,4,1,3,1,23,6,0,0,0
405,125612,70188,23581,133661,41748,833049,11,8,1,844,2642539,8,1,1,3,1,46,4,0,1,0
406,122166,39833,23604,73091,25471,9923810,8,2,0,318,3869734,7,5,3,1,2,3,8,0,0,0
407,79652,55618,38148,91949,40248,9860133,10,5,0,333,2606984,7,2,1,2,2,45,4,1,0,1
408,110077,47775,35184,99814,39748,5993620,6,1,1,699,2283849,1,3,3,2,1,44,3,1,0,1
409,111947,77320,25762,74715,34156,2487045,8,3,1,491,3182827,5,2,3,3,1,12,7,1,1,1
410,101198,13134,47221,50010,40690,1141507,8,9,0,813,3803698,9,6,1,4,2,14,6,0,1,0
411,130105,98110,33764,61345,33959,3810937,8,6,0,516,1860370,7,2,2,4,1,37,10,1,1,1
412,51498,103051,45583,124760,40697,603397,9,5,1,623,1395020,2,4,2,4,1,26,6,0,1,1
413,69554,67032,29662,196330,36576,9672885,10,9,1,719,1834733,5,1,2,3,2,14,8,1,0,0
414,55224,33738,23031,70691,48010,4226730,13,1,0,898,717776,7,5,1,3,2,49,6,1,1,0
415,144821,105517,23964,32632,36441,4683454,12,8,0,768,4306976,3,3,4,1,2,46,2,0,0,1
416,107864,103487,28923,166945,32728,1131772,10,1,0,367,809366,2,4,1,4,1,35,5,0,1,1
417,73988,52334,39626,191225,32607,2466959,7,9,0,789,1208770,1,6,4,2,1,35,4,1,0,1
418,97054,54669,21831,148365,40947,3914582,12,5,0,825,3451889,5,2,2,1,2,30,4,1,1,0
419,113825,5885,42860,137213,40990,9374701,9,3,0,399,1905794,3,2,2,3,2,17,6,0,0,1
420,97029,67476,44829,85354,38269,5492154,13,4,1,881,3216714,9,6,3,1,1,39,7,1,0,0
421,102155,54342,33632,43590,42803,9826385,11,1,0,661,2134910,6,5,4,3,2,45,2,1,0,0
422,137008,12456,47719,62589,35595,3949581,10,5,1,388,265264,4,6,2,1,2,16,6,1,0,0
423,127759,14363,20129,67143,41353,3760477,14,9,1,591,4209662,6,5,2,1,1,14,3,0,1,0
424,109107,108455,37463,161162,40818,3243428,13,2,0,709,19271,6,6,2,4,2,47,3,1,0,1
425,146605,27550,36823,178760,37827,6572715,11,7,1,549,364255,8,6,2,4,2,6,2,0,1,1
426,147537,73383,42591,143820,28771,4808641,13,7,0,725,3272273,5,6,1,2,1,39,7,0,0,1
427,84567,27825,46921,34327,44379,5133925,6,7,0,521,2565848,9,3,4,1,2,17,7,0,0,0
428,51268,105444,45744,133415,31073,5632800,13,3,0,405,4313721,7,2,2,1,2,40,2,1,1,1
429,65801,35252,32438,71564,30032,9537620,7,4,1,457,131198,3,1,3,2,2,42,6,1,0,1
430,127275,115611,49908,159291,47176,7476725,9,7,0,330,619329,9,2,1,2,2,23,4,0,0,0
431,140527,71072,45536,117386,41418,9336008,6,8,0,585,3000344,5,6,2,1,2,2,4,0,0,1
432,117300,49149,24390,199091,37858,9306087,6,6,0,343,30431,5,4,2,4,1,42,9,1,0,0
433,122203,20064,47517,130860,35882,2265937,10,8,1,405,147675,9,2,4,1,1,2,7,0,1,1
434,73954,57606,49620,53373,48146,3300470,10,9,0,690,4422112,3,6,2,1,2,11,3,1,1,0
435,132104,16481,31758,132001,39391,2631571,13,9,0,527,4336058,5,3,1,2,2,19,9,0,0,0
436,123735,22519,36775,45148,39949,1193977,11,8,1,512,4975021,5,4,2,1,1,37,8,0,1,1
437,142606,107560,21739,99257,34411,6193856,14,7,1,888,3241881,2,3,3,1,1,34,1,1,1,0
438,108690,85833,35376,69210,25313,5271250,8,5,1,700,1894561,1,3,1,1,1,18,1,1,1,1
439,106791,93548,23736,78809,40724,5057878,11,5,0,677,1826552,9,2,4,3,2,10,5,1,0,1
440,50684,39598,49080,193749,38980,3175007,13,8,0,458,2591754,8,6,2,4,2,30,3,1,0,0
441,70960,50734,39050,64617,49956,7355120,12,3,0,544,2027538,1,5,2,4,1,12,8,1,0,0
442,146646,52174,25548,172899,46848,4390517,13,6,1,541,3535839,2,2,4,3,2,16,3,1,1,0
443,108964,30843,47682,193321,30978,2312366,6,1,0,450,2010908,6,3,3,3,2,6,4,1,0,0
444,130884,46818,31471,71886,43745,7731950,13,2,0,337,2574715,4,3,2,1,2,17,9,1,1,1
445,111729,113186,45580,107856,27680,4944305,11,6,0,888,2611099,4,2,4,2,2,24,1,0,1,1
446,91449,106099,42083,33739,40442,5981643,8,1,0,790,1276336,7,2,1,2,2,5,7,1,1,0
447,62485,39815,45518,67830,36530,2813210,11,2,1,492,4126484,1,3,3,4,2,34,10,0,1,1
448,145867,31725,20610,50142,45516,2940162,11,6,0,750,4400213,8,3,3,4,1,7,8,1,0,0
449,128935,23936,25057,172854,27785,8152760,9,9,0,696,2040965,5,6,2,1,1,33,6,0,0,0
450,94624,22355,38237,110632,37381,1644005,6,3,0,527,2447558,3,2,2,4,1,15,3,0,1,1
451,83505,103939,46307,109204,47123,1843577,6,9,1,336,626854,1,2,1,3,1,22,4,0,1,1
452,63787,71067,45649,106114,33376,4647683,6,2,1,419,1108859,4,1,1,3,2,28,9,0,1,0
453,50336,118657,29529,138648,25279,1709406,13,5,0,810,4422400,6,4,1,1,2,30,9,1,0,1
454,57975,68260,30323,91305,42822,9558476,7,2,0,809,805311,5,2,2,4,1,46,9,1,0,0
455,91327,116111,24890,140131,39664,9303016,11,8,1,837,3829009,6,6,4,4,1,22,10,0,1,1
456,117359,52315,27684,100551,38618,4326519,10,5,0,655,3564346,9,5,2,4,2,47,7,1,0,1
457,118875,86891,46837,92069,41578,7227121,13,9,0,374,1472978,8,6,3,2,1,47,3,1,0,1
458,64711,116277,40329,66838,25065,5284487,8,9,1,821,4289923,9,3,1,2,1,41,7,0,1,0
459,126175,14712,49318,171162,31725,6594570,6,4,0,618,4977924,3,4,2,2,2,34,2,1,0,0
460,60120,10992,24335,114845,41399,5177358,10,1,0,592,4726979,1,1,3,2,2,0,6,0,1,1
461,65769,44189,37101,78448,40500,3830570,11,2,1,532,4181256,4,4,3,2,2,47,3,1,1,1
462,101334,36031,23169,87277,39992,1869800,12,9,0,563,4638591,8,2,3,2,1,15,2,1,0,0
463,69301,99334,26842,154939,39516,7508185,7,2,1,483,2511116,9,1,2,2,2,0,8,1,0,0
464,135781,84016,30318,112675,36356,6983065,14,7,0,405,2451610,2,1,4,1,1,6,4,1,0,0
465,54309,16161,22687,174832,45758,2464788,6,7,0,602,334723,1,2,4,3,2,22,3,0,0,0
466,118627,40081,30477,80282,31579,2061149,9,7,0,531,47746,8,1,2,2,1,11,6,1,1,0
467,108667,50187,38348,151541,39079,4610214,9,3,1,822,3623335,9,1,1,3,2,0,9,1,1,1
468,149334,84115,45211,185440,27658,5917729,10,9,0,724,202562,9,5,3,4,2,40,1,0,1,1
469,149424,59107,21542,85884,29068,2350643,8,6,1,463,923512,7,3,4,2,1,21,8,0,1,0
470,117593,80807,37948,110363,48352,9047916,6,6,1,537,2543939,6,2,1,4,2,46,7,0,0,0
471,117239,62667,21009,100785,39074,9623197,14,2,0,575,3836726,4,6,3,4,2,43,10,0,0,1
472,140960,38796,31948,95310,38398,7729104,11,9,1,536,1944042,6,5,1,4,2,25,3,0,0,1
473,108119,22933,49468,193306,38428,3921544,11,2,1,891,413163,1,5,4,3,1,19,8,0,1,0
474,119510,9565,39648,43945,40804,4437754,14,3,1,684,1209057,7,1,1,3,2,30,8,1,1,0
475,50091,14575,33710,155016,45803,8322753,8,6,1,766,1922290,8,5,2,3,1,17,10,0,1,1
476,116891,34663,47128,100086,30715,8403816,11,1,1,743,3426570,8,6,1,2,1,24,10,0,0,1
477,103605,94992,28091,149895,33889,5753615,13,8,1,387,4461547,7,1,1,4,1,41,8,1,0,0
478,104079,96570,25347,198572,33308,639441,8,5,0,363,885432,8,1,2,2,2,39,9,1,1,0
479,78264,37886,25131,101707,29973,887160,13,5,1,474,4718143,3,5,3,1,2,23,1,1,0,0
480,138695,87417,31264,93320,26810,6730652,14,4,0,534,1913084,7,5,2,1,1,44,3,1,1,1
481,129697,11187,31471,111356,49894,1317947,8,2,1,619,153712,6,1,3,2,1,26,5,0,0,0
482,141363,59351,40796,47246,43223,1445827,10,9,0,829,1478739,9,2,2,4,1,13,5,0,1,0
483,144131,112117,42910,42390,27370,4603338,12,5,0,664,3230158,7,2,4,3,1,43,6,1,0,1
484,95857,77483,45389,165014,37402,4684377,10,6,1,569,3851180,5,1,1,4,1,15,4,0,1,0
485,140307,103788,25489,131488,36114,3260117,9,1,1,688,2505447,7,1,1,4,2,2,4,0,1,0
486,125531,105459,35779,89130,44165,8058938,12,8,1,847,4573920,9,4,4,1,1,5,3,0,0,1
487,107840,100718,43868,87052,28331,9969933,6,3,0,474,3703780,1,4,3,4,1,16,5,0,0,1
488,50492,41277,33480,113077,28795,1429214,8,4,1,352,2608052,3,6,2,1,2,30,10,1,1,0
489,108352,27460,20431,58339,42660,7755217,13,1,1,416,153349,8,5,4,1,2,26,5,0,0,0
490,71819,35638,29619,164162,45493,9642438,12,3,0,437,4972188,5,4,3,4,1,27,6,0,0,0
491,109648,110911,35956,112315,27346,4605098,12,2,1,865,465856,7,6,3,2,2,8,6,1,0,0
492,92360,56614,27496,36340,26910,2787320,12,2,0,723,1337164,9,4,1,1,1,30,6,1,0,1
493,67395,12085,33191,139082,47652,8417440,12,4,0,664,1599113,3,6,4,4,2,27,10,1,0,0
494,114745,82647,40877,128063,48374,3426721,6,1,1,468,947173,4,3,4,2,2,29,10,1,0,1
495,120557,16774,39538,109937,28089,4282179,9,9,1,748,1977295,5,1,1,4,1,38,9,1,1,1
496,120818,72895,34437,162458,49754,7443905,9,6,0,759,465818,8,1,2,4,1,0,2,0,1,0
497,106208,47734,43371,191902,44997,9474026,10,6,1,459,4746042,4,1,2,4,2,43,8,0,0,1
498,67736,58534,36026,34593,42655,4245749,10,1,1,811,795442,1,2,2,3,1,8,9,1,1,1
499,88162,22665,23036,106022,37202,5749800,6,2,0,488,1741850,1,4,4,3,1,20,9,1,1,1
500,66356,28315,47361,198109,25520,4870671,8,7,0,474,3182219,2,5,1,4,1,9,3,0,1,1
501,71268,87535,26716,54896,48951,3419812,8,6,0,310,4489076,4,6,3,4,2,32,10,1,1,0
502,61347,85986,41622,37235,46317,9766054,12,4,1,481,4678455,3,1,3,3,1,12,9,1,0,0
503,63306,95044,33634,34225,36742,9448852,12,6,1,430,3500731,2,4,1,2,1,43,4,1,1,0
504,74334,19650,30286,186427,32945,2623930,7,4,0,639,2151073,6,3,3,2,1,16,5,0,1,0
505,76511,19259,46974,183865,37544,8968181,11,5,1,315,4149649,8,6,4,4,1,31,3,1,0,0
506,149078,75213,20822,54309,45179,4325925,10,7,1,413,3635901,2,3,1,1,1,28,1,0,1,0
507,56547,99941,44156,152589,41802,9655891,6,1,1,676,2532980,5,2,4,3,2,37,9,0,0,0
508,131924,37729,44648,35136,28414,7386367,12,4,0,671,563174,5,6,4,4,2,9,5,0,1,0
509,100119,15743,38245,116102,34138,4100650,6,4,0,684,4236276,9,1,3,3,1,16,6,0,0,1
510,98414,64407,24931,46257,27328,2756938,6,6,1,386,1850939,4,2,4,2,1,21,6,0,0,1
511,69800,40586,33091,114863,29185,8792453,12,9,0,890,4370565,3,3,2,4,2,10,10,1,1,0
512,76902,37021,32121,155163,44842,3172197,7,5,1,782,1790341,5,4,4,4,1,47,1,1,0,0
513,112332,39446,26496,85368,27400,3386078,7,1,0,619,3777552,3,4,3,4,2,12,2,0,0,0
514,83011,96058,26299,187633,49982,6840884,12,7,1,353,1238690,7,3,2,4,1,7,9,1,1,0
515,126405,31239,46775,182388,33779,5326679,13,9,1,864,2425841,6,6,2,4,2,7,10,0,1,1
516,139706,81880,29752,104804,38274,3823335,14,9,0,448,2579410,5,4,1,1,1,41,4,1,1,0
517,130054,82989,35487,179494,27769,1143789,12,9,1,720,1475246,1,5,4,3,1,2,8,0,1,1
518,53251,106033,31048,81158,28919,8157973,14,6,1,326,2027409,6,5,1,3,1,9,1,0,1,1
519,60923,117200,41044,159687,48152,3264727,13,7,0,844,2667567,8,6,1,1,1,17,10,0,0,0
520,87376,55481,35035,135917,28901,1070593,6,8,0,527,2507442,6,6,2,4,2,32,4,0,1,0
521,142222,27388,27871,69505,26207,6331392,9,3,1,425,2715652,3,3,1,1,1,28,6,0,1,0
522,87088,76471,20708,57321,36898,1095322,9,1,1,679,2823611,5,5,4,3,1,37,9,0,0,0
523,147727,119451,24282,58038,44762,4722898,13,6,1,562,2657868,4,6,2,1,1,23,5,1,1,1
524,96592,73099,26804,179990,44511,5729572,6,9,1,556,1175388,5,2,1,3,1,6,3,1,1,0
525,104822,119616,41474,140551,39791,5920002,11,1,1,763,3005854,3,5,1,4,1,36,1,0,0,0
526,63410,41468,45909,49289,32178,8576217,11,3,0,625,1366073,1,2,2,1,2,10,6,0,0,1
527,122050,67438,21839,50326,43864,7290601,10,6,1,531,4762515,5,4,4,1,1,26,1,1,1,1
528,141477,37838,24212,66936,33588,9075094,11,9,1,692,3825610,3,5,1,1,2,2,10,0,1,1
529,116098,54337,38323,107128,43184,5409544,14,2,0,698,682398,7,6,4,1,1,30,4,1,1,0
530,102253,25149,29430,101192,27078,5271255,9,8,1,391,2916017,3,6,4,3,1,39,10,1,1,1
531,50804,118526,46138,86735,37772,2798554,6,2,0,403,3906212,6,6,1,4,1,37,4,1,0,0
532,95919,39305,48357,150765,27254,936370,12,1,0,548,1130933,1,2,2,1,1,8,3,1,0,1
533,139544,71968,22302,100091,43731,1345351,7,2,1,821,3073246,7,2,4,4,1,9,5,1,1,0
534,53598,85029,34121,146604,38970,7368361,10,4,1,587,3931275,5,5,2,2,1,31,7,1,1,1
535,129498,111963,24278,113527,38133,9194426,7,7,0,374,1180579,7,6,3,3,2,22,6,0,0,1
536,73572,66034,30872,175840,42270,5065032,13,9,0,363,2800003,4,1,1,2,2,33,10,1,1,0
537,127841,6754,35530,99602,34668,1590279,10,1,0,779,971804,7,4,3,1,2,13,6,0,0,1
538,146703,62094,49129,47323,36570,5960115,9,5,0,549,4636764,3,2,1,3,1,10,6,1,0,0
539,118765,9734,21457,32927,44593,9565892,9,2,1,748,4055834,9,6,4,3,2,7,5,0,1,0
540,115345,87598,29380,89116,47658,2686383,6,7,0,662,2502159,8,1,2,4,2,2,6,1,1,1
541,87449,81191,28151,46971,39217,7612158,13,5,0,631,3795966,4,5,3,4,1,3,8,1,1,1
542,102838,34881,49411,50411,38775,5926900,9,9,1,465,3326238,6,2,2,4,2,23,1,0,1,1
543,70081,7682,30069,116196,41525,5985200,9,9,1,790,2456054,9,6,2,1,1,3,9,0,0,0
544,74376,94932,34935,55842,46904,3109902,11,4,1,331,1632488,1,3,3,1,2,22,8,1,0,1
545,51271,102883,40930,174054,25176,8463789,7,1,0,591,3770487,4,4,3,3,2,30,4,0,1,1
546,143223,7944,48725,59523,47252,8906682,12,6,0,823,365418,9,4,3,3,2,34,10,0,0,1
547,58850,32375,38193,192706,46118,8318904,8,4,0,322,156080,6,3,2,2,1,45,3,0,0,0
548,144637,117144,41655,85796,44187,2146191,12,9,1,700,2439797,8,6,2,1,2,42,9,0,0,0
549,134514,76989,46450,35097,41742,9326635,11,6,1,582,1193648,7,4,4,4,2,41,10,0,0,0
550,96026,88187,30646,164340,37257,7976421,10,7,0,831,2164383,9,3,1,1,2,14,8,1,1,1
551,119629,43581,20178,43277,43345,9206035,10,3,0,392,4261641,3,5,3,4,2,23,1,0,0,1
552,84977,109867,30762,125774,39486,1803893,8,8,0,618,2581136,1,1,1,2,1,13,6,1,1,1
553,51358,74182,27104,155521,48862,5817398,10,9,0,645,1601015,7,4,2,3,2,10,7,0,0,0
554,77591,18273,40279,66432,48038,3100444,8,5,0,861,1209458,2,4,1,3,1,16,8,0,1,0
555,121818,70376,41683,67663,39684,6397075,13,8,0,675,726193,5,6,1,2,1,45,4,1,0,1
556,135746,44569,33511,57109,41858,7939538,8,9,1,432,3315196,8,4,1,2,1,12,8,1,0,0
557,51784,109635,39376,38901,43845,2688116,8,9,1,794,2018690,1,4,3,2,1,44,9,1,0,0
558,145064,79637,39211,56919,40643,2537030,14,4,1,311,3081560,7,4,2,3,1,31,8,1,1,0
559,70994,75222,30140,137239,38070,1489829,13,9,1,521,2909425,9,2,3,1,1,23,3,1,1,1
560,74856,71610,24529,170106,25828,3693911,6,6,1,709,400658,3,4,1,3,2,24,7,0,1,1
561,132093,18106,40205,36365,26566,2574638,6,1,0,752,4501701,3,3,1,2,1,18,1,1,1,1
562,138180,32622,35330,99479,34613,7811530,7,3,0,408,169820,1,4,1,3,2,25,4,1,0,0
563,84507,118254,34783,153081,47791,5707533,12,9,0,713,700584,4,6,1,4,1,42,1,1,0,0
564,93355,118332,40068,140597,28564,5889095,12,4,1,738,1612032,6,5,4,3,1,49,10,0,1,0
565,90017,65794,39753,91539,43315,1596829,7,5,0,447,2059241,7,2,1,2,1,25,10,0,0,0
566,100798,73822,33440,121918,46720,2539814,9,6,1,602,2092756,7,4,1,2,2,20,10,1,1,0
567,141601,96321,39504,111538,46754,5601042,10,5,0,752,2812184,8,1,2,1,1,32,10,0,0,1
568,98765,58393,37135,57164,39126,7457430,7,1,0,571,1997567,9,6,4,4,2,14,8,0,0,0
569,121770,25841,27447,79612,39335,4297364,8,4,1,348,1175367,6,4,1,2,1,26,6,1,0,0
570,114871,39987,41578,190105,27648,2217974,13,7,0,436,510696,9,2,3,2,2,9,9,1,0,0
571,146261,37338,49159,152676,46303,7910485,13,8,1,469,4098993,5,5,4,2,2,31,8,0,0,1
572,102155,15889,45810,132647,26632,6698114,10,5,1,711,137199,3,3,4,2,1,19,2,1,1,0
573,100019,5920,49625,129590,33144,4229561,7,7,0,371,821990,9,4,4,4,1,9,1,1,0,0
574,144449,23210,34283,80244,47227,1307070,11,6,1,538,4611473,5,4,3,2,1,41,9,1,1,0
575,100654,8134,38000,49187,46525,8426729,7,4,1,633,4446059,2,6,2,1,1,44,7,0,1,0
576,62864,60190,38235,69544,40628,7371510,13,7,1,522,3951320,8,6,3,3,2,32,7,1,1,1
577,51392,94049,26127,110972,44854,2883623,14,4,1,796,2498109,8,6,4,1,1,8,1,1,0,0
578,82686,25893,46568,66735,43229,8359720,8,7,1,337,3546051,2,6,3,2,2,30,5,1,1,0
579,144538,63655,48478,78449,33907,3466462,12,8,0,471,4910374,8,3,2,4,1,10,4,1,0,0
580,89662,92517,20723,126474,45409,5922475,11,6,0,494,4093984,6,1,2,2,1,6,5,1,1,1
581,100434,38895,33526,141603,36652,1085909,6,2,0,737,3733485,7,4,3,3,1,4,8,1,0,0
582,81545,14398,39638,73895,26167,8337881,13,5,0,553,1458387,6,4,2,1,2,17,5,1,0,0
583,116693,115092,28887,113420,32296,1057410,13,6,0,878,953115,7,5,2,3,2,20,5,1,0,0
584,147451,90412,47743,152338,38628,5057836,7,3,1,640,765198,5,3,1,1,2,10,4,0,0,0
585,78536,84699,36264,71204,27484,8156083,12,4,1,750,1046197,1,1,2,1,1,9,1,1,1,0
586,123084,33512,38247,42280,28015,5385735,8,7,0,647,4968015,1,4,3,3,2,23,6,1,0,0
587,55260,64960,24286,136458,49915,1357619,9,4,0,838,3391954,2,5,2,1,1,35,3,0,0,0
588,133444,105202,44501,135925,43205,4321741,13,5,0,863,290316,1,2,4,4,2,25,4,0,1,1
589,61814,80753,28596,150230,39128,6909838,6,2,0,540,710459,3,6,3,4,2,22,2,0,1,1
590,57531,115027,30248,99653,49916,5839719,10,1,1,713,4350868,5,3,3,1,2,42,9,0,0,0
591,134443,82729,21169,112737,38508,8849654,9,8,0,731,1666237,6,6,4,4,2,32,7,1,0,0
592,57772,46418,32862,54049,38914,1349590,11,5,1,636,2379194,1,2,1,4,1,13,2,1,1,0
593,60435,112800,22601,65946,33051,5833312,8,4,0,821,3696142,6,5,2,2,1,13,7,0,0,1
594,103776,95436,21590,160055,46062,859152,14,1,0,558,4194806,3,4,4,4,2,35,6,1,0,0
595,73983,9155,26935,123313,28932,1390458,11,4,0,572,3311877,8,5,2,3,1,38,8,1,0,1
596,111959,58563,21872,65450,34457,1348368,9,2,1,323,163912,9,6,2,1,1,1,8,1,1,1
597,102701,9501,26292,30628,47108,4938165,12,5,0,685,304096,7,6,4,1,2,6,8,0,0,0
598,92172,56124,45258,140013,28272,4643806,10,9,1,328,292277,8,1,2,3,1,14,2,1,1,1
599,83556,34792,37027,45902,39892,7831893,10,2,0,848,906226,6,2,2,4,2,20,1,0,0,1
600,96631,61134,22999,55258,39836,6897280,6,9,0,740,3682231,4,3,4,2,1,12,10,1,0,1
601,91436,13452,47758,165329,38250,693943,6,6,1,583,2887126,5,3,2,3,2,27,5,1,1,1
602,56390,43490,48949,59152,40308,1707035,9,1,1,709,4473375,9,2,4,4,1,36,4,0,0,1
603,117467,94832,34053,37177,31906,6631672,12,1,1,879,1474337,1,1,1,2,1,48,7,0,1,1
604,92072,36565,42649,62908,31603,2082695,8,3,1,848,1026717,7,5,3,3,2,14,8,1,1,0
605,101751,64549,23974,120236,46079,1185989,14,2,1,409,2552460,3,1,4,3,2,20,6,0,0,0
606,130196,76714,36463,152382,49150,4082901,10,7,0,650,1572413,2,6,4,4,2,37,9,1,0,1
607,135770,69464,22304,97292,36198,8202571,12,4,1,383,2591485,2,5,4,2,1,4,3,0,1,0
608,133378,52661,49291,181152,38422,1829689,12,8,0,442,1629945,3,2,3,4,2,31,3,0,1,0
609,88372,91668,25287,107185,34138,7330503,14,4,0,595,2792507,5,4,3,3,1,48,6,1,0,1
610,135712,50279,22519,157271,48984,5362513,11,7,1,322,2001436,7,5,1,2,1,23,5,1,0,0
611,76145,18629,21597,138412,29003,7612732,6,6,1,461,1483793,8,6,4,3,1,28,1,0,0,0
612,125929,51116,31148,127986,49210,3799276,12,3,1,815,1370098,2,5,2,4,1,19,9,1,0,1
613,81868,108467,34468,49408,27628,5291151,8,8,1,886,3068097,5,6,4,3,1,7,2,0,1,0
614,66470,102812,27292,157880,42263,923835,8,9,1,580,1481069,3,5,2,4,1,49,4,1,1,0
615,60131,57297,25678,188248,38695,3668982,9,7,1,301,3070331,7,2,4,3,1,10,7,1,1,1
616,111024,38997,38098,93160,48461,5592592,12,9,0,529,4077721,5,5,4,3,2,20,4,1,1,0
617,144684,80632,43601,186062,44463,1146954,13,9,0,425,2870023,3,4,1,4,2,20,3,1,1,1
618,144408,87292,34316,161295,41804,2999338,11,4,0,652,4966730,6,2,3,2,1,8,3,1,1,1
619,142845,82577,23996,37654,28510,6477842,7,7,1,769,3904145,6,2,2,1,1,41,10,0,0,0
620,89026,76201,40010,172666,29898,3990542,12,8,1,731,3294668,9,5,4,1,1,1,8,1,0,0
621,96898,85239,37873,167144,33117,8325488,6,3,1,652,3373720,6,3,4,3,1,44,10,0,0,0
622,148272,37548,42897,51444,47810,7103947,12,7,1,336,4933959,4,6,3,2,1,19,8,0,0,1
623,128538,105120,36569,191820,37709,7657652,7,9,1,883,3915317,7,4,3,4,1,18,4,1,1,1
624,120913,88636,36534,109169,44025,4707181,9,9,1,841,3770773,5,6,1,1,1,30,7,0,0,1
625,63228,115809,48776,199764,27722,3435545,7,7,1,839,4923653,8,5,2,3,2,3,5,0,0,1
626,74670,22217,33249,166619,41080,695640,14,5,1,530,4326251,8,3,4,1,1,28,1,1,1,1
627,129408,54137,21450,58824,43174,6343945,11,6,0,716,3144435,8,2,3,1,2,12,2,0,0,1
628,57610,84568,32886,124486,38779,3496577,7,6,1,790,4049954,8,4,3,1,1,32,8,1,0,1
629,53118,18866,26315,173539,28664,6924496,7,5,1,670,1280603,1,1,1,2,1,23,4,0,1,1
630,102838,22264,28211,187194,42923,8016865,12,6,0,564,4750101,9,1,1,3,1,4,4,1,0,0
631,108799,39496,29540,114897,33488,8422629,6,7,0,870,3857806,4,1,4,2,1,14,1,0,0,0
632,103121,88475,27401,49744,36680,5042062,7,9,0,699,4417326,5,5,3,1,2,31,2,0,1,1
633,55058,60287,28835,191640,30678,4911030,13,2,1,689,4829989,1,4,1,2,1,5,4,1,0,0
634,130774,114935,44322,165766,31441,7157072,6,1,1,723,4482534,3,2,3,2,1,44,6,1,0,1
635,120378,116588,26935,31564,36387,2809721,14,2,1,801,4223731,3,5,2,3,1,40,8,1,1,0
636,107684,50848,33465,119965,42971,5326276,6,4,1,593,2530487,5,5,4,4,2,13,2,1,1,0
637,79043,52405,46163,69681,32118,618803,11,7,0,415,4782439,7,4,3,2,1,30,5,1,1,1
638,118487,18555,46074,153213,37908,6932725,9,7,1,813,224184,1,1,3,1,2,18,9,1,0,1
639,51144,98475,20951,178620,37816,1363993,11,5,0,625,4811323,2,4,3,3,2,20,1,0,1,0
640,142504,86150,27819,48227,49953,3536917,14,3,0,461,2024102,1,6,2,1,1,13,6,0,1,1
641,84557,105627,28320,33967,45763,1245781,14,3,0,622,860399,5,6,2,2,1,19,3,0,0,0
642,146559,93899,25379,179639,33434,5587517,13,9,0,696,2548606,8,2,3,1,2,43,6,0,1,0
643,116971,98012,47456,117938,42162,7380564,13,3,1,443,4531499,4,5,1,4,1,13,3,0,1,1
644,80091,116141,43031,80569,25081,4279054,7,9,1,657,2488871,5,3,4,2,1,38,4,1,1,1
645,78185,78140,48188,129946,28444,1571565,11,8,0,352,163964,8,1,2,2,2,25,4,1,0,0
646,116872,68770,37690,98590,32366,7277263,8,7,1,509,956372,5,5,3,4,1,32,8,1,1,0
647,136666,10786,27691,61346,44808,9473639,10,8,1,647,2917612,9,2,3,4,1,45,9,0,0,0
648,55448,57597,31698,183795,49848,7051780,12,2,0,719,4469346,9,6,1,1,2,16,10,1,1,1
649,129337,71297,42724,89874,40574,9181959,6,5,1,395,3450210,5,1,1,1,1,10,1,0,0,1
650,128838,57475,28864,186554,34594,8801342,7,8,1,561,2573745,9,1,2,4,1,14,5,0,0,0
651,125102,68983,34286,38211,36398,1671999,11,9,0,396,2477139,6,2,3,4,2,23,6,1,0,1
652,90905,56950,47707,141190,25371,8672312,14,3,1,536,628657,9,5,4,3,1,29,2,0,0,1
653,72403,84073,21714,125476,43423,9936788,6,8,1,830,2231926,1,1,3,1,2,23,5,1,0,0
654,101246,18452,23483,147178,42912,3099270,6,7,1,484,670428,6,6,4,2,1,18,3,1,0,0
655,144442,39971,34977,78983,37715,3748866,14,9,1,419,2501890,2,4,1,4,1,30,10,0,0,0
656,131524,42956,30061,173664,48160,6470149,10,7,0,865,91441,7,1,2,2,1,33,8,1,1,1
657,113093,57813,23227,126988,30615,1851305,6,1,0,837,3115656,2,3,2,2,2,36,6,1,0,1
658,77651,93612,27482,138999,35468,7683210,9,5,1,778,2697062,2,1,1,2,1,36,5,0,1,1
659,73873,73874,41982,181597,33871,6554042,12,1,0,837,2627150,5,5,1,1,2,13,6,1,1,0
660,145483,85764,39557,114529,37144,9198540,7,6,0,464,135022,4,1,1,2,2,17,2,1,0,1
661,140728,53246,43099,161499,36184,7001160,14,3,0,621,2744124,3,5,4,1,2,15,10,1,0,0
662,103613,49709,21112,99065,48447,7619371,9,8,1,515,4412265,2,2,2,2,2,18,7,1,0,1
663,55114,32814,41678,126144,36080,5026530,7,4,0,860,520411,8,6,1,3,2,36,1,1,1,0
664,145370,8895,28856,87058,33687,5152563,11,1,0,356,1129983,6,1,4,4,1,26,2,1,1,1
665,66161,6272,20731,163539,45794,8842583,9,7,1,610,2870395,4,2,1,4,1,39,2,1,1,1
666,61583,56213,32880,156460,46246,8986769,8,9,1,317,385470,9,3,3,1,2,25,4,1,0,1
667,127586,14607,45494,124899,48693,7173209,14,7,0,555,344228,5,1,4,1,1,13,7,1,0,1
668,136675,83847,36895,48858,44447,6606036,11,9,1,676,4471793,7,3,1,1,1,13,9,0,1,1
669,148251,68906,41255,175813,38465,9077900,12,6,1,335,4087853,4,3,4,3,1,42,3,1,1,1
670,124586,108730,33573,110937,39338,4910396,9,8,0,823,1509210,5,2,1,2,2,20,1,0,0,1
671,93406,63913,26774,69781,44775,1648062,10,2,1,798,2029126,1,4,4,4,1,29,4,0,0,0
672,63010,83854,48275,52962,39740,6517899,6,3,1,318,522005,4,4,4,1,2,41,10,0,1,1
673,103331,24918,48886,39947,48693,5740119,9,2,1,742,2141298,1,2,4,4,1,2,10,0,1,0
674,109204,65234,23194,165470,32892,1999600,8,7,0,687,2275620,1,1,3,4,2,12,7,0,1,1
675,104160,25302,28025,172843,26549,2989369,9,1,0,783,2704932,9,3,1,4,2,11,10,1,1,1
676,68952,109117,37500,92353,44930,1734316,14,5,1,649,204335,5,1,1,2,2,14,9,1,0,1
677,84007,69503,26618,54486,41614,3990289,12,3,1,786,1062655,6,6,3,4,1,27,1,1,0,1
678,83607,113744,39012,124703,32055,6465907,11,4,0,733,4613691,9,5,3,1,2,25,2,1,1,1
679,70062,67080,32095,91228,30306,9228024,7,9,1,650,66888,1,3,3,3,2,14,2,1,0,0
680,67806,85072,44960,60863,39287,1699316,8,3,1,473,2681462,9,1,4,1,1,25,8,1,1,1
681,85206,85020,33217,54546,47667,6346890,6,7,0,607,2720791,5,6,3,3,1,49,4,0,1,1
682,132891,58383,29602,68805,31686,5056877,7,6,1,870,3312657,5,1,1,3,1,45,9,0,0,1
683,114970,67382,23396,83081,45358,2613613,8,8,0,606,4253927,5,6,4,2,2,31,8,0,1,1
684,127032,85287,39925,184774,25146,4647978,13,9,0,358,705823,4,6,2,2,1,23,3,1,0,0
685,95616,16134,30674,192104,44810,6918669,6,6,1,800,3829930,4,4,2,2,2,42,6,0,1,1
686,108552,69123,35801,193194,38817,7917470,11,4,1,791,3649963,4,4,1,1,1,23,7,1,1,1
687,142187,60484,20602,82079,49498,8154104,10,5,1,897,4640296,3,2,4,2,2,13,3,1,0,0
688,131985,94321,47160,78284,34390,703018,13,4,1,357,4063253,5,4,1,2,1,27,10,1,0,1
689,108160,51621,20060,67622,29255,2225571,6,8,1,800,4378764,6,3,3,3,2,1,4,0,0,1
690,57967,33228,29029,96240,37373,2168822,14,3,1,355,111593,9,3,1,3,1,49,10,1,0,1
691,74441,38260,46226,34535,31573,6597561,13,3,1,387,132140,8,5,3,3,1,33,6,1,1,1
692,114760,21697,27149,155960,41794,3852908,12,8,1,765,636601,1,2,1,3,1,17,4,1,1,0
693,124094,81094,23638,160016,34941,3572278,8,9,1,755,3580826,5,2,1,1,2,17,4,1,1,1
694,144348,51243,31211,63126,31807,3701187,7,1,1,783,4821162,4,5,2,3,2,19,7,1,0,0
695,121684,55315,22789,128329,46623,8507141,8,8,1,798,202042,8,4,2,1,1,47,2,1,0,1
696,65665,117348,31324,45383,28658,4611183,11,2,0,471,1280012,7,2,1,3,1,15,3,0,1,0
697,51844,7648,39821,162711,43909,9725868,8,9,0,403,4541280,6,1,4,4,1,49,6,0,0,0
698,68481,53166,26052,175476,48213,7170195,10,1,0,677,3954418,6,5,1,1,2,26,2,0,0,0
699,98751,62896,28277,140449,26123,6810393,12,8,1,809,4084144,8,5,4,2,1,36,7,1,1,1
700,115894,118438,41491,99535,31204,7241906,14,9,1,745,4813946,9,5,2,1,2,27,1,1,0,0
701,143453,91782,48378,92082,43498,1224940,10,4,0,598,2496872,9,6,1,4,1,29,3,1,0,0
702,147542,106498,34789,65197,34248,8699189,13,5,1,438,1885794,7,5,1,3,2,42,6,1,0,1
703,53941,18973,35461,50496,31396,6186975,9,4,1,366,4798624,9,2,1,3,1,48,3,1,0,0
704,56212,57801,31802,194954,28391,4241895,10,9,0,577,4649505,1,2,1,4,2,21,2,1,1,0
705,102506,66633,48439,188529,26133,1792329,14,8,0,698,2051742,9,3,4,1,2,28,3,1,0,0
706,86762,118750,49024,120734,46601,5907473,14,6,0,644,4910738,2,2,2,1,1,25,8,0,1,1
707,74350,34793,35653,32555,46313,2074485,8,6,0,659,4490374,9,6,1,4,1,16,3,1,0,1
708,53235,98384,33576,35713,28458,9746221,10,3,1,507,4995871,7,1,4,3,1,39,5,1,1,1
709,111869,51110,34780,164681,46685,9678350,12,6,1,381,2918173,5,2,4,3,2,43,8,0,1,0
710,101458,39805,44019,123357,48800,5819773,13,5,0,439,2420182,5,2,4,1,1,24,2,0,1,0
711,99649,48405,31762,191192,41118,4372314,8,5,1,589,4927016,2,1,1,3,2,17,3,1,1,1
712,123074,27637,32357,97256,39147,4288938,13,9,1,380,3692087,1,2,3,3,1,37,2,1,1,1
713,83464,53180,27300,178906,42194,5545657,8,5,0,447,2911946,9,1,2,4,1,1,7,0,0,1
714,53875,65529,36193,93293,31927,6865903,12,6,1,628,785409,4,3,1,1,2,46,1,0,1,0
715,139281,10482,46262,130163,47075,6628959,11,7,1,508,1294224,3,4,1,4,2,44,6,1,0,0
716,76571,65794,45875,98445,40952,8563310,13,4,0,702,4512160,1,1,4,4,1,24,8,0,0,0
717,111959,28748,28199,165563,30306,3148585,9,1,1,529,3146269,5,6,3,3,2,29,5,1,1,0
718,70126,32155,43972,138107,39204,2145138,11,2,1,863,1763054,7,1,1,2,1,7,5,1,1,0
719,120264,5199,34521,178342,25858,3379452,6,8,0,620,2364100,4,3,1,4,1,40,3,0,1,0
720,136310,97690,20779,43836,44061,7148197,9,5,1,560,1258354,3,5,2,2,1,15,7,0,1,1
721,70510,48636,39948,180148,31872,5190180,6,1,1,355,400251,1,3,1,3,2,5,2,0,1,0
722,119415,94408,26223,30381,38055,8759016,10,1,0,898,4935760,6,6,2,3,1,8,10,1,0,1
723,145727,19875,21332,177758,48344,6445731,13,9,0,320,1280332,4,3,3,3,2,32,4,1,1,0
724,71287,46702,26935,114804,39973,8600720,9,2,0,806,1296827,8,1,1,2,1,20,8,1,0,0
725,93942,16149,44419,145395,35744,2510341,11,9,1,613,2730989,3,2,3,4,1,48,5,0,0,0
726,144315,86303,41018,137918,34740,808388,8,9,1,389,4125974,3,4,3,1,1,44,2,1,1,0
727,119062,71015,27948,81115,39189,9724106,10,2,1,583,4036471,6,3,1,4,2,28,7,0,0,1
728,133441,61579,20096,168123,38167,5567513,7,7,1,870,4094386,5,1,1,2,2,37,10,0,0,0
729,73509,64185,30632,155439,37621,8837741,9,6,0,686,2564256,9,6,2,1,1,27,9,0,0,1
730,84803,112645,46327,149824,40346,685822,6,8,0,732,4752425,6,2,4,2,2,7,9,1,1,0
731,53013,19941,41092,91882,44085,8645583,9,2,1,484,355766,5,5,4,2,1,35,2,1,1,1
732,95553,53566,21995,90838,28840,8206024,10,3,1,796,1022294,7,1,1,1,1,42,10,0,0,1
733,97573,63850,46169,91527,39783,8910780,6,5,0,803,1992564,3,3,1,3,1,32,9,1,1,0
734,56744,105625,31401,172687,46714,5567873,6,2,1,449,3101546,5,1,4,3,2,29,1,0,1,1
735,148583,65147,25898,107329,31090,664772,9,4,1,478,1860402,3,5,1,1,2,37,4,1,1,1
736,79408,60010,35233,48129,31696,5903013,8,1,0,401,3241908,9,3,2,4,1,43,10,1,0,0
737,106280,48453,35160,107216,32283,1933598,8,1,0,447,3241698,5,1,1,4,2,4,1,0,1,1
738,98892,89911,30475,40374,26597,4552943,10,6,0,652,2170444,7,5,1,1,1,14,7,1,0,0
739,54980,55033,24130,115963,37917,502436,6,1,0,471,3925394,7,1,3,2,1,32,8,1,1,1
740,79409,8222,25218,35227,31146,8253338,12,2,1,629,4394174,9,5,1,2,2,26,2,0,1,1
741,128869,27881,22187,70282,40503,1677405,14,6,0,770,4004169,6,4,1,4,2,21,1,0,1,1
742,130165,42068,29992,51991,37113,6070831,6,3,0,454,3593436,2,5,2,4,2,7,7,0,0,1
743,72628,113370,47196,186474,25641,5386823,7,3,1,741,1516100,2,5,2,2,2,33,5,0,1,1
744,114642,5842,48432,122109,27543,6445751,14,6,0,623,276661,3,5,1,2,2,48,1,1,0,0
745,131264,95644,40445,127595,39521,4215579,6,9,0,409,4407399,3,4,1,1,1,43,5,1,1,0
746,128406,108587,37856,112316,38154,9284467,7,3,0,503,3310172,3,6,4,2,1,4,10,1,1,1
747,60953,82440,42499,193456,39576,9365224,9,6,0,352,4887215,4,3,1,2,1,1,9,0,0,0
748,53665,87873,47281,99656,42958,7934500,11,8,0,711,4080571,2,1,4,4,2,32,10,0,1,0
749,118777,109500,31397,195777,30588,9567634,8,4,1,566,1580363,1,1,2,4,2,10,10,0,1,1
750,63879,22108,32184,137314,47051,9936411,12,1,0,860,4044231,9,2,2,2,1,47,7,0,0,0
751,148372,73808,25631,40383,40040,7048556,7,6,0,772,1561838,3,4,4,2,2,32,1,0,0,1
752,140553,64800,26500,60202,44107,2451476,13,6,1,762,2883447,9,4,3,3,2,21,9,1,0,0
753,123748,85771,41661,72846,28675,9588591,10,8,1,501,3725803,9,1,3,4,2,45,10,0,1,0
754,70420,116038,37898,123417,27002,8191355,12,1,0,562,2294618,8,1,2,4,2,11,7,0,0,1
755,61643,95032,31485,104703,40204,9084179,11,7,1,366,4240025,6,2,4,3,1,39,10,1,1,0
756,129301,78709,37645,74056,25471,3006183,7,9,0,730,489407,5,1,1,3,2,27,2,1,1,0
757,60551,73186,37474,87701,46462,8691717,10,8,0,616,4086088,6,3,3,1,1,47,4,0,1,1
758,135424,119198,44919,46701,33578,7329698,11,9,0,795,4134349,7,6,2,4,1,13,8,1,0,1
759,69394,40932,27621,169881,32311,2502011,7,8,0,897,3544041,1,6,2,3,2,23,7,0,0,1
760,94709,38090,37183,185201,36351,8416233,8,3,0,854,2058744,3,2,1,4,1,46,6,0,0,0
761,137679,44632,28205,32865,43267,8813685,13,4,1,411,768994,9,3,1,2,1,9,10,1,1,0
762,125337,118825,23047,188711,44173,5213505,14,2,0,879,2676081,5,2,3,2,2,41,5,1,1,1
763,74427,116423,47780,105280,48892,1896697,6,5,1,794,1152686,8,1,1,4,1,31,7,0,0,0
764,71281,91409,41751,125479,36268,6318856,9,9,1,416,1689678,3,3,4,3,1,7,4,0,0,1
765,57750,88884,30756,66954,26369,2259659,8,3,0,633,2835508,4,6,3,3,1,31,10,1,1,1
766,62940,18537,22491,36995,40018,5179193,12,3,0,442,49944,8,6,2,3,2,32,1,1,0,1
767,54197,36093,30832,157783,25085,6038151,11,8,0,727,4735673,7,2,4,2,1,29,9,1,0,1
768,60086,77193,44123,109374,30309,9795280,10,4,1,443,955115,3,4,3,1,1,28,10,1,0,1
769,62428,64093,49255,63177,34797,4177190,13,8,1,827,3089708,3,5,1,2,2,4,9,0,1,0
770,83243,50591,35585,96105,49160,6977793,10,1,1,618,2836438,1,5,1,3,2,49,8,1,0,1
771,131523,17712,35006,92237,49487,6037972,10,9,0,819,216895,9,3,1,1,2,14,6,1,0,0
772,129117,108851,43314,185657,26106,771697,12,8,1,795,2526720,7,4,3,2,2,22,3,0,1,1
773,119134,7267,30505,55463,35383,3355279,8,9,1,605,2682186,2,6,2,4,1,16,9,1,1,0
774,118981,27568,39337,138276,45582,2342941,14,4,0,853,3497416,9,4,4,2,2,2,8,0,1,1
775,64097,117011,49635,33243,46551,9316040,6,6,0,443,3347763,3,1,1,4,1,40,3,0,0,1
776,110918,55275,49027,197002,30639,3326914,12,4,1,624,2466421,1,1,1,4,1,30,8,0,0,0
777,120652,64278,40475,55745,32569,6083243,9,4,0,368,298969,4,4,2,4,1,36,10,0,1,0
778,80940,37866,23534,145871,39016,3862574,14,3,1,538,2507740,3,6,2,3,2,5,9,1,0,0
779,50581,111089,33212,63688,41579,7329656,10,8,0,770,3090976,6,4,1,1,2,3,6,1,1,0
780,76482,52808,33489,109814,31282,2634401,8,7,1,765,618078,5,1,4,4,1,6,4,1,0,0
781,94205,18888,22689,107683,29580,6365188,6,2,0,440,79839,9,2,4,4,1,13,3,0,0,0
782,65661,35814,29050,195017,47043,9581484,11,3,0,695,2132450,7,6,1,3,2,35,10,1,1,0
783,114201,40785,42454,165583,49474,3715271,7,6,0,817,385776,7,1,1,2,2,32,7,0,1,1
784,148071,96584,41860,167240,34761,1058047,7,2,1,782,3367444,6,2,3,4,1,35,9,1,0,1
785,61290,41293,24962,179673,47095,9685853,7,9,0,660,3331205,2,1,2,1,2,31,3,0,0,0
786,114174,12342,39559,104777,39331,7387993,10,8,0,489,2669087,1,3,3,1,2,3,7,0,0,1
787,96415,21404,47483,85195,44845,849911,10,4,1,882,4833292,8,3,2,1,2,42,4,1,0,1
788,135150,51979,34157,79564,34350,9273455,14,2,0,436,1001155,7,6,4,2,1,37,4,0,1,0
789,91432,47560,30564,50303,43066,1015116,8,4,1,811,2432990,8,1,1,2,2,5,5,0,1,1
790,113060,27398,36295,167228,32646,6501931,10,1,0,737,1895676,3,4,4,1,2,44,7,1,0,1
791,54342,88272,29589,118580,26987,8910532,10,3,0,865,4142648,8,4,1,4,2,41,4,1,0,1
792,81860,36132,21305,156982,27876,9063147,7,7,0,564,2884412,6,6,4,3,1,9,1,0,0,0
793,83754,54266,41869,64599,39565,6656987,13,5,1,875,4396248,7,2,1,2,1,21,7,1,0,1
794,95795,80516,39008,70134,46661,8828695,7,8,1,426,3764467,1,1,3,1,2,12,8,0,1,0
795,70465,107924,39770,189606,28300,1424652,10,4,1,395,323833,8,5,2,2,2,30,5,1,1,0
796,109747,29071,33618,112798,38004,9986055,11,7,0,889,4602445,6,4,1,1,2,22,7,1,0,0
797,72650,36240,30698,57876,40071,2751270,11,3,1,348,2363829,1,3,1,2,2,6,4,0,1,0
798,91568,45336,48154,52442,27224,2968917,14,5,0,533,2852885,9,6,2,1,1,37,7,1,0,1
799,86107,84444,27230,98785,26256,4081544,6,3,1,725,1721367,9,4,3,2,1,32,4,0,0,0
800,50040,33037,24767,165044,33894,7909369,10,8,0,678,2414476,1,3,4,1,2,46,1,0,1,1
801,73855,100740,25094,154325,39083,783062,11,4,1,356,559729,1,5,1,3,1,38,3,0,0,0
802,98092,88929,30956,35313,29434,7173060,6,2,0,386,709463,5,2,1,2,2,11,5,1,1,1
803,88857,18348,20210,90027,29720,1804757,8,2,1,892,4773048,8,1,2,3,1,11,2,1,1,0
804,66845,96155,23285,134634,27116,2832491,14,6,1,333,3947012,9,3,1,1,2,46,9,1,1,0
805,93390,90232,31847,54697,49409,7014975,6,1,0,476,2523840,8,3,3,2,1,40,5,1,0,0
806,67654,99742,20809,84542,33096,6662459,6,4,0,614,3856962,5,6,3,1,1,38,9,1,1,0
807,79423,76342,33816,41104,27418,6029058,14,9,1,313,250013,1,5,1,4,2,20,4,1,1,1
808,55855,58789,40168,116633,49341,2461435,14,5,1,766,4276992,3,2,2,4,1,26,3,0,0,1
809,118697,50283,32387,80719,30367,2077461,14,8,1,586,260566,5,5,3,1,2,11,2,0,1,1
810,56468,92252,26433,78848,42266,6737049,10,5,1,659,4911950,3,1,1,3,2,14,5,0,1,1
811,143807,59393,26752,177746,43541,579173,10,1,1,723,548001,3,3,4,3,1,48,10,0,1,1
812,76381,112966,26238,190552,26430,932853,13,1,0,516,832791,6,1,2,1,2,31,10,1,0,0
813,147267,46471,20598,138864,27642,1986726,14,3,0,695,7679,1,5,2,2,2,13,2,0,1,0
814,78446,116550,36257,71842,25569,9956010,8,9,0,345,2746159,4,3,4,3,1,34,9,0,1,0
815,71173,92256,46461,81613,39083,5054967,7,9,1,345,54198,6,5,4,2,1,34,9,1,1,1
816,57471,61285,45965,190314,28960,2999636,14,6,1,874,4860957,9,3,4,1,1,9,9,1,1,0
817,110182,76604,21981,192390,38423,9613497,8,1,0,467,1493432,8,5,4,2,1,11,7,1,0,0
818,60466,45679,33896,159785,45715,5832761,13,6,1,813,4175159,4,2,3,3,1,44,10,0,0,1
819,141775,105569,38673,195147,46301,515267,7,9,0,448,4283328,8,1,3,1,1,40,5,1,0,0
820,74146,31030,44816,137464,36017,5250112,13,7,1,886,766324,4,6,2,3,2,14,4,0,0,0
821,90064,103389,40642,189838,31966,9781538,14,4,0,874,2292427,2,5,4,2,1,35,5,0,0,1
822,140385,112510,40434,181713,44949,3706869,8,4,0,443,1714207,2,2,2,3,1,47,9,1,0,1
823,95312,95397,35642,47134,26033,5989281,12,6,1,447,4775767,5,4,2,4,1,20,3,0,0,0
824,127609,51583,48256,153983,31617,973371,10,9,1,511,2905241,6,3,4,2,2,20,4,0,1,1
825,121151,103006,29674,185482,27550,6358590,9,4,1,408,2875974,7,5,2,2,2,31,2,0,0,0
826,71949,38070,44831,75606,25900,3055137,14,6,1,574,4796039,2,2,1,4,2,22,1,1,0,0
827,100606,38559,39571,97304,43083,7142708,7,7,0,476,172960,7,2,3,4,1,16,1,0,1,1
828,141233,57064,35636,119315,46637,8697025,14,2,1,655,3646303,8,2,3,3,1,13,9,0,1,0
829,65637,41344,44543,154391,36554,7112991,10,3,0,865,2549210,7,1,4,3,2,31,2,1,1,1
830,66489,17306,31727,79914,25732,801742,13,1,0,496,4198325,4,6,2,4,2,36,4,1,1,0
831,89388,103051,28682,104076,41240,3561803,13,4,1,792,3447426,9,4,4,3,1,28,1,0,1,1
832,70518,81601,45211,178799,48667,7219283,10,7,1,627,2990221,2,6,4,3,1,12,7,1,1,1
833,149426,111961,34254,155918,37594,1128141,12,7,1,518,3328635,2,5,4,4,1,31,2,0,1,0
834,127544,14302,44108,50552,35949,3239280,11,1,1,738,329658,4,1,3,2,1,21,5,0,0,0
835,133109,12636,33931,94111,47612,2871000,11,8,1,505,3660667,5,1,3,2,1,19,4,1,1,0
836,106022,96647,20277,55284,36425,4092699,13,5,0,347,1406997,3,2,4,3,1,14,5,1,1,0
837,57426,100518,39156,76561,47789,5209721,6,9,0,618,1035254,4,1,2,3,2,48,2,1,0,0
838,143890,75904,43102,134410,49493,2087691,11,4,1,836,39879,3,5,2,4,1,34,7,1,1,1
839,138307,20677,41196,191434,47695,2789718,12,2,1,628,1890936,3,1,2,2,2,37,7,1,0,0
840,71069,41608,27655,160674,25823,1752282,9,9,0,691,2750147,2,2,4,2,1,0,10,0,1,0
841,145266,97071,36167,98029,36367,2903984,14,8,0,860,1653822,5,3,2,1,1,15,10,0,0,1
842,133883,60316,49830,174848,36377,3636327,14,6,0,457,4015064,1,2,1,1,2,26,6,1,1,1
843,120207,100690,21098,127659,32409,5297961,8,5,0,630,3772391,2,5,3,3,2,35,9,0,0,0
844,100755,93550,25849,152237,31021,548407,10,7,0,773,3649441,9,3,1,2,1,18,6,1,1,1
845,148663,106046,29366,186394,35788,3885581,9,1,0,794,967255,7,2,1,2,1,43,7,0,0,0
846,74936,67454,36263,125035,31167,527917,9,3,0,822,2429318,9,3,2,1,1,8,2,0,0,1
847,145801,16973,47153,123846,43533,8906901,14,9,0,521,2994795,4,5,2,2,1,36,7,1,1,0
848,67950,94965,47599,111413,44973,4172907,11,4,0,790,960350,1,4,1,3,2,29,8,0,1,1
849,84722,117510,36979,181408,33115,2343984,11,9,0,838,108052,5,5,2,3,2,29,2,0,1,0
850,108002,58449,35598,70042,41923,1884370,12,8,0,474,3470007,4,3,2,4,2,42,8,1,0,0
851,82959,85204,38737,93542,31012,7137807,13,7,0,742,1160265,8,2,3,4,1,46,2,0,0,1
852,58700,59359,35398,56746,26810,4168280,13,1,0,583,3360532,8,5,2,4,1,33,1,0,1,1
853,52868,109330,40762,90544,40519,8563374,9,2,0,426,4690408,4,6,4,2,1,42,1,0,0,0
854,123515,20117,33692,52257,46077,9989484,14,2,0,705,2258936,7,6,2,2,1,21,2,0,1,0
855,112885,89044,43575,159876,41034,7632278,8,2,1,371,885667,8,2,3,1,2,20,5,0,0,0
856,71225,48130,48592,87714,30191,2355354,8,8,0,538,2967910,4,3,4,2,1,29,3,1,1,0
857,84106,68322,24045,175263,32449,1280947,7,4,1,493,2412837,2,4,2,1,2,48,8,1,1,1
858,137066,48078,48126,110091,45629,4682228,14,5,0,317,4751931,1,1,2,1,2,20,4,0,0,0
859,51975,106655,27350,110864,30800,5473958,11,3,1,725,203404,5,4,2,1,2,16,8,0,1,0
860,76231,102424,49904,197638,33806,4730787,9,9,0,897,2507895,5,4,3,4,1,41,10,1,0,0
861,75838,115371,32073,34227,38008,7301346,11,4,1,645,4175715,7,1,1,4,1,27,1,1,1,1
862,116816,19371,32215,94757,26850,6745022,13,3,0,702,3291924,1,4,3,2,1,14,8,0,1,1
863,51917,61238,41798,68571,31445,5856082,11,1,1,681,1323944,4,4,4,4,1,3,7,0,1,0
864,141989,89765,32880,84244,37829,9160785,12,3,1,546,3767077,6,1,3,2,2,32,9,1,0,0
865,50562,65755,42734,120533,38108,9910477,10,7,0,561,36150,7,4,4,3,2,40,1,1,1,0
866,103749,99604,25374,93020,33226,3102732,10,7,1,424,2124008,2,1,3,3,1,31,9,0,1,1
867,66095,13230,36222,102606,29721,5786636,11,4,1,423,3022059,5,3,4,3,2,25,9,1,0,1
868,146398,17639,31179,195697,47096,8817437,13,1,1,599,4725283,1,2,1,3,1,30,3,1,1,0
869,103107,7916,42191,144243,29140,3256333,9,8,0,417,4644003,8,6,1,2,1,32,3,1,0,1
870,119686,29646,38637,191218,30974,736332,14,8,1,549,3372696,9,3,2,4,1,38,3,1,0,1
871,110961,83239,33769,190442,33504,3922823,13,1,1,838,4376480,6,4,1,1,2,48,8,0,1,1
872,60468,85538,20285,107781,37396,4313281,7,6,1,629,4591698,9,5,4,4,1,8,6,0,1,0
873,115511,10242,42352,62726,48734,5199436,14,6,0,686,64023,8,4,3,4,1,1,3,1,1,0
874,148936,102924,24996,189203,37326,9428780,10,5,0,336,2111118,4,5,4,2,2,5,10,1,1,0
875,149656,112003,33405,88829,37709,7234255,7,2,1,774,4536758,2,3,3,2,2,44,5,0,1,1
876,103394,73980,47969,102341,41103,5075942,14,3,1,772,2331241,6,2,1,4,2,6,5,0,1,0
877,146331,80735,47354,166717,27770,9846189,14,8,0,552,1770888,9,5,1,3,2,18,5,1,1,0
878,80715,51905,21714,64299,26929,8059953,6,8,1,878,688130,2,3,2,1,1,46,1,0,1,1
879,143574,37111,32946,164753,25063,8950881,14,2,1,419,1574689,3,3,1,2,1,23,2,0,0,1
880,89157,16086,27599,103619,45808,8710068,11,3,1,713,473287,5,3,2,3,2,6,4,1,1,0
881,71939,46314,37238,150829,40384,5440838,12,3,0,576,3477302,4,3,3,1,1,0,4,0,1,0
882,85387,45378,30446,90651,37993,4566652,10,3,1,672,4549305,7,4,3,2,2,38,9,1,0,0
883,137313,96759,43868,53214,35148,5363395,13,7,1,781,3031725,1,1,3,4,1,3,6,0,1,0
884,97017,42007,27408,157058,36616,5995296,6,9,1,696,1178204,2,2,3,3,2,10,6,0,0,1
885,73858,90107,23370,107578,33114,4111949,9,2,0,521,259066,3,6,3,2,2,21,9,0,1,1
886,51487,85893,42347,104190,44759,6420962,8,1,0,672,1875773,3,3,2,3,2,45,9,1,1,1
887,123854,15187,26774,187600,48957,7353945,13,8,0,341,3002133,4,6,3,4,1,43,5,1,0,0
888,84302,9070,45685,70195,31738,6496414,12,1,1,797,731631,5,3,4,3,1,23,6,1,0,1
889,65153,61978,20302,34611,25453,4617430,6,6,0,470,994268,4,6,2,1,1,12,6,1,1,1
890,133436,30351,21386,198026,42909,7317438,9,7,0,478,2834844,8,3,2,4,2,10,5,0,1,1
891,71718,117372,48260,110461,41705,4751413,11,6,1,515,1599495,1,5,1,3,2,28,10,0,1,0
892,116568,53045,47587,184496,42976,6966704,9,8,1,677,4804146,3,1,1,2,1,31,5,0,0,0
893,76871,57994,28046,70105,49594,5029723,6,6,1,687,688669,5,1,1,4,2,17,6,0,0,0
894,98333,28410,41839,32473,49650,1143001,13,4,1,669,2865038,7,6,4,2,2,47,4,0,1,0
895,115119,108721,22756,124375,32842,5546050,14,5,0,409,3030076,7,4,1,1,1,8,7,0,1,1
896,91293,64320,25639,179750,26251,7173103,11,8,1,879,766382,4,2,1,4,2,31,6,1,0,0
897,129997,96933,36931,147370,46354,1366482,11,2,1,601,4639353,9,1,3,2,2,14,5,1,0,0
898,68939,98253,26484,34577,34561,2953459,14,8,1,811,306516,8,4,2,4,1,14,6,1,0,1
899,121171,105758,20963,125333,47005,8206968,10,2,1,816,2077347,7,4,3,4,1,41,2,1,0,1
900,131959,86695,29424,125075,43459,935716,6,3,1,567,80415,7,6,2,2,2,22,10,0,1,0
901,142786,117162,46044,74224,48225,2372641,6,3,1,850,653010,1,3,1,4,1,14,6,0,0,1
902,59960,84313,28848,44842,28543,5189848,10,6,0,846,2294716,9,5,3,4,1,40,6,1,1,0
903,128164,115496,47687,167145,32163,8345940,6,3,1,770,665640,5,1,1,1,1,0,1,0,0,0
904,123051,19858,40286,76705,27457,7422179,14,2,0,443,4223470,7,3,2,2,2,28,8,1,1,0
905,118629,57360,26443,165244,38478,692351,14,8,0,469,2330177,6,5,3,2,2,46,9,1,0,0
906,112145,15696,25156,107115,47825,3292438,10,9,0,454,2545117,3,6,2,3,2,48,4,1,1,1
907,129014,89068,25818,45893,46778,5214245,13,8,0,884,3319328,2,5,2,4,1,48,5,1,0,0
908,85397,21181,36201,105940,27421,1062935,7,6,1,425,1410509,7,3,2,3,2,6,8,0,1,1
909,96142,10809,23797,32149,33325,4507753,11,1,1,494,3639191,6,2,3,1,1,9,10,0,1,1
910,101127,102193,34219,99932,43637,7165235,13,8,0,496,331680,5,4,2,1,2,32,4,1,0,1
911,113591,13147,41336,39409,34573,2556203,10,1,1,303,2440276,3,4,1,1,2,15,1,1,1,1
912,68052,24871,33314,123221,32484,7891737,9,2,1,800,942620,1,5,3,1,2,34,4,1,1,1
913,53190,21501,37127,131793,33668,9287689,14,3,0,464,171170,1,4,2,3,2,21,8,1,1,1
914,138315,79986,47024,37628,49520,6409077,8,2,0,492,653067,2,5,2,1,1,46,6,0,0,0
915,95081,62670,44444,188315,38355,5574715,12,2,1,826,1849028,9,3,4,3,1,6,4,1,1,1
916,75908,112056,31877,41057,42285,8932661,7,5,0,479,682904,8,5,2,2,1,2,1,1,0,0
917,111130,91838,45855,35655,37848,1289452,7,6,0,762,3949298,8,1,2,3,1,48,9,0,1,1
918,71834,99898,26757,80719,33501,5990577,7,6,0,568,4428682,7,4,2,1,2,39,8,1,1,1
919,127933,73530,21767,198239,48011,1575413,12,1,0,657,4304006,2,3,2,3,2,38,7,0,1,0
920,81920,59156,48801,104722,35143,4716211,11,6,0,639,2063373,5,5,2,3,1,32,1,1,1,1
921,92352,27892,45831,161389,32585,7475456,8,2,0,327,946743,5,1,3,1,2,14,9,0,0,1
922,54974,37770,43099,108894,25259,1452316,10,2,0,635,4122374,6,3,3,4,1,47,2,1,1,1
923,66131,105606,30411,110084,30688,9916397,13,3,0,721,1073303,3,4,1,3,2,7,7,0,0,0
924,143002,108725,20411,67874,34315,9930340,12,7,0,605,3088906,7,3,2,1,2,33,6,0,0,0
925,50110,107594,28580,127549,27052,1270779,9,2,0,862,4105615,4,3,3,4,2,22,4,1,0,1
926,65519,28479,25154,151791,43208,8084966,11,4,0,719,4232833,8,3,1,4,2,6,9,1,0,1
927,82777,63524,20034,71262,49342,2071211,8,3,1,743,105329,2,3,2,3,2,36,8,0,1,0
928,50703,31444,47039,196318,39890,7580223,9,8,1,341,3105422,6,3,2,3,1,28,4,1,0,0
929,95981,99594,25657,131669,25141,7274670,11,9,0,433,3648199,9,6,4,1,1,34,4,0,0,1
930,116970,20009,30742,66493,43276,6269994,9,9,0,551,4299374,2,3,2,3,2,3,8,1,0,0
931,67620,89971,43840,43639,32927,542489,10,8,1,531,3101417,5,3,1,1,2,26,9,0,0,1
932,118856,107295,21369,40801,45345,2652685,12,2,1,363,3920791,4,3,2,3,1,17,6,0,1,0
933,100099,33271,30252,167906,28411,7331186,9,7,0,448,1363403,7,2,1,2,1,29,4,1,1,1
934,125716,75470,44739,92743,46657,2109386,6,7,0,717,3427310,7,3,3,4,1,28,4,0,0,0
935,112523,18145,32397,147367,29088,3521174,13,1,0,342,4660511,4,4,1,1,2,28,8,0,0,0
936,131294,30525,33303,62187,31982,4912454,7,1,1,885,3188648,1,4,3,3,1,36,3,0,0,1
937,89330,38648,40231,43492,36269,2509884,11,1,0,571,3026658,6,6,4,2,1,2,8,1,0,0
938,50926,91941,30516,91766,33489,5806141,6,6,1,313,2238537,4,4,2,4,2,39,3,0,0,0
939,81963,78653,26627,191765,43031,7454207,11,4,0,433,25429,7,1,3,1,2,29,7,1,1,0
940,98054,119276,45413,158873,25589,3568837,11,2,0,716,138640,3,4,1,2,1,27,5,1,1,1
941,83186,43359,35585,107009,25787,9533216,6,8,1,891,2531043,4,5,4,3,2,44,8,0,1,1
942,97232,61748,38926,58455,27766,5517645,7,7,0,475,1076308,3,3,2,1,2,47,6,0,0,0
943,96084,32266,37853,46826,27249,5680473,7,4,1,317,3915608,3,2,4,3,1,22,10,1,1,0
944,147005,75693,39097,107323,31002,9102250,13,9,1,350,1904335,9,2,4,2,1,15,6,0,0,0
945,123532,61875,34481,164070,28742,9364483,13,5,1,408,1895633,9,3,1,3,1,22,2,1,1,0
946,54288,62482,24788,115492,26800,3109951,14,3,0,741,2540317,1,4,4,2,2,30,10,1,0,1
947,147022,115705,21400,153043,40597,7281470,9,8,1,499,1641373,6,4,3,1,1,21,9,1,1,1
948,61244,80157,48115,51078,46548,800576,11,6,1,539,2303220,1,2,4,1,2,48,3,1,1,1
949,138736,30437,48264,166637,42587,8905262,12,2,0,602,667068,1,2,2,1,2,35,5,1,0,0
950,148936,86371,32131,122548,30248,6104072,8,3,0,430,3384089,1,5,4,4,1,24,5,0,0,0
951,78143,13875,40773,77257,31096,765288,13,9,1,340,1144453,6,1,3,4,1,5,1,0,0,1
952,75699,106155,26711,163337,47579,6609399,8,2,0,713,4123621,5,3,2,3,2,9,6,0,0,0
953,118344,67353,42291,105196,32935,988231,9,4,1,735,674736,4,1,4,3,1,2,9,1,0,0
954,132410,34171,41524,83613,33883,5498131,12,3,1,348,4198184,1,6,1,2,2,31,9,0,1,0
955,56427,70191,31524,199826,26087,686985,14,8,1,737,4452181,7,5,2,4,2,6,5,0,0,0
956,75900,17311,46110,146446,45829,8388167,7,3,1,691,3914260,1,5,1,1,1,45,10,1,1,1
957,103021,9185,20815,162594,30583,815791,11,6,1,587,4547464,6,5,1,1,2,38,10,1,0,1
958,149908,27459,31862,109405,41064,1298008,7,5,1,549,891314,4,2,3,1,2,16,9,1,1,1
959,91613,82507,38456,50814,35149,6073755,11,3,0,630,1020046,2,3,4,2,1,23,9,1,0,1
960,59259,25967,27396,36851,49519,4858737,9,3,1,887,580930,3,2,4,3,2,47,8,0,0,0
961,124210,5984,21627,41631,35741,6444286,7,9,0,633,502865,5,1,1,1,1,35,10,1,1,0
962,93284,60112,23355,52472,49757,4764889,11,5,0,899,2287162,6,2,4,2,2,8,2,1,1,1
963,60508,9323,44625,50364,34311,3619278,14,4,1,394,2823324,7,4,2,1,1,3,5,0,1,1
964,108142,52677,48744,170764,28287,3285435,9,2,0,650,3491636,2,3,1,3,1,16,10,1,0,1
965,83134,113224,48879,145221,40785,2445402,6,8,0,586,593556,6,2,2,3,1,10,3,0,1,1
966,98000,35424,44031,125294,42859,4156325,12,4,0,533,4933789,5,6,3,4,1,38,2,0,1,0
967,84199,68963,47094,129019,48901,7949347,8,4,1,500,1125742,2,3,1,1,1,3,1,0,0,0
968,130199,39335,23244,186894,48055,9630712,6,6,1,424,4711398,5,5,1,3,2,23,9,1,1,1
969,116263,77436,37814,48492,28434,6589715,9,4,0,759,1066322,7,4,2,2,2,22,2,0,0,0
970,62429,87578,40965,155793,35525,5969802,7,3,0,804,4249178,2,2,4,2,1,14,3,0,1,0
971,101083,32645,27867,68238,43098,3058530,12,6,1,879,3963965,1,5,3,1,1,9,8,0,0,0
972,108443,69440,49425,46415,31099,4756572,13,5,0,732,395529,4,3,3,2,2,9,1,1,0,1
973,117863,8269,46818,86365,27240,2302046,13,6,0,362,2830753,6,4,4,3,2,9,2,1,0,0
974,129824,114860,27632,34847,40730,7923763,10,5,0,761,3509076,6,2,1,4,1,6,5,1,1,0
975,133437,13621,38774,59995,36609,4842329,12,7,1,688,1142989,8,1,2,4,2,10,2,0,1,1
976,121021,33985,43920,43885,31707,5097193,8,8,1,689,2321499,8,2,3,4,1,27,1,1,1,0
977,60562,17214,45213,81318,49875,9819852,6,3,0,885,1862810,6,2,3,4,1,6,10,1,1,0
978,83229,75788,20813,164838,47737,2598947,11,8,1,783,3869273,7,2,2,2,2,33,8,1,1,0
979,58029,81096,40631,98971,28793,9349868,10,1,0,597,4760681,5,4,3,3,2,48,3,0,1,0
980,108560,32455,25732,182321,48055,6979936,9,8,0,717,1253517,1,2,4,1,2,35,4,1,0,1
981,72174,32472,45189,158931,34098,6713322,6,2,0,386,618298,9,2,3,3,2,12,10,1,0,0
982,119571,73915,43588,60866,25042,1068726,10,3,0,673,3217082,3,2,4,2,2,47,5,0,0,1
983,88520,26372,34587,70911,39156,5145486,11,2,0,817,2606789,1,5,4,1,2,18,1,0,1,1
984,94522,116852,47636,113599,48750,8827292,12,2,0,825,3040660,7,1,3,3,2,47,6,0,0,1
985,67491,48787,25924,35208,28654,542007,9,1,0,896,4820400,3,2,3,2,1,30,6,0,1,1
986,99893,34867,48191,73299,33207,7192746,8,4,0,613,1809986,8,1,4,4,2,5,10,0,1,1
987,118611,95653,20238,169145,49217,4853067,13,2,1,536,1516131,9,6,4,3,1,2,6,0,0,0
988,115106,50323,31180,180900,37306,581539,8,4,1,559,56959,6,2,3,3,2,37,1,1,0,1
989,148275,88129,26613,71989,35245,6381733,9,1,0,859,859234,1,1,4,2,1,26,9,1,1,1
990,96051,95418,28607,46379,32279,1508742,11,4,1,656,2666176,5,6,1,3,1,38,6,0,1,0
991,82175,42144,45043,31036,26600,686449,8,3,0,846,2823928,1,4,2,2,2,2,2,0,1,0
992,126695,119774,34981,80411,31036,3947998,12,1,0,435,215813,4,5,4,1,2,48,4,0,0,0
993,119570,6990,35739,118610,47525,9670138,9,9,1,418,2785131,9,4,3,1,1,25,3,0,0,1
994,134040,48580,39123,33128,33290,1458062,9,4,0,466,4760375,7,6,1,2,1,32,3,1,0,0
995,100740,88542,32477,194321,41923,9404279,10,5,0,815,1020617,9,1,1,2,2,33,3,0,0,1
996,64618,15687,43737,152133,37754,1805387,9,5,1,694,1112166,2,3,2,1,1,48,10,1,1,1
997,102388,118611,26597,53714,32074,7652611,12,2,1,695,969584,1,5,3,1,1,7,2,0,1,0
998,87016,30348,34445,134438,26200,2473699,8,3,1,891,3906897,9,4,3,1,2,19,5,0,0,1
999,135356,69341,22388,179489,27180,7642493,6,6,0,811,4885770,8,6,4,1,2,45,4,0,0,0
