,pulses_1kg,flour_10kg,rice_5kg,oil_1ltr,soap,amount_of_loan,interest_rate,time_to_repay,simple_interest,cibil_score,past_debt_to_repay,no_of_units_sold_per_day_of_pulses,no_of_units_sold_per_day_of_flour,no_of_units_sold_per_day_of_rice,no_of_units_sold_per_day_of_oil,no_of_units_sold_per_day_of_soap,profit_percentage_last_year,competition_scale,sustainability,startup,management_effectivity
0,102,501,595,275,52,3331276,13,3,1,760,1549433,9,17,11,3,26,1,4,1,0,0
1,105,498,552,390,50,6690555,9,2,1,713,1577994,10,5,9,8,30,21,4,1,0,1
2,178,444,643,331,65,5039662,12,4,1,761,4555691,8,18,19,10,21,34,7,1,1,0
3,164,327,470,263,30,6230007,13,3,0,637,2529141,6,13,12,5,32,11,3,0,0,0
4,99,404,533,347,30,1615383,13,2,1,791,1700947,8,10,8,9,15,32,8,0,0,0
5,82,472,506,308,24,2391333,9,9,1,862,4117333,10,19,11,6,21,37,9,0,0,0
6,157,519,468,299,81,9693710,6,3,0,546,3048285,10,18,8,8,22,4,9,1,0,0
7,152,474,638,365,50,8383231,8,2,0,552,2563045,8,13,17,4,38,46,2,0,1,0
8,99,387,593,350,78,7147780,11,8,0,682,1344211,11,6,7,4,26,34,7,0,1,1
9,132,417,402,316,63,1961234,10,5,0,467,4627886,5,10,11,5,31,19,4,0,0,1
10,90,434,685,285,36,2946069,12,6,0,773,1864095,8,16,5,7,11,10,8,1,1,0
11,121,345,466,232,61,7526234,13,1,1,775,4468366,9,10,12,7,10,34,5,1,0,1
12,81,475,401,272,71,3326900,9,2,0,886,426354,8,12,19,4,23,42,3,1,0,1
13,175,412,471,231,88,7045000,14,3,0,389,4193274,9,18,12,9,34,10,3,0,1,1
14,138,456,647,377,74,8630794,8,4,1,339,2137960,11,15,6,10,31,8,2,0,1,0
15,140,353,720,240,25,4393648,6,2,0,738,3028990,9,6,9,5,14,32,10,1,1,0
16,113,455,438,266,61,4346987,12,4,1,721,2787066,14,5,14,4,28,34,3,1,0,0
17,189,527,709,260,66,1022703,9,5,0,386,3308074,13,8,7,8,12,24,8,0,1,1
18,166,492,529,338,28,1296300,7,6,1,435,3505779,9,12,9,6,23,21,10,1,1,0
19,145,304,579,214,89,6065191,12,3,0,513,551984,11,13,17,10,30,49,4,0,1,1
20,174,388,636,374,46,3209126,11,2,0,502,3656157,6,19,8,5,15,43,2,1,1,1
21,82,300,539,289,79,6477062,6,6,0,723,738725,11,15,9,4,17,36,8,1,1,0
22,148,541,712,341,48,8874109,10,7,0,353,1001248,8,5,5,6,36,0,9,1,1,0
23,143,310,467,316,86,9749571,12,4,1,837,2548697,8,6,13,3,26,27,5,1,1,1
24,104,324,569,306,92,4119660,13,9,0,656,294482,13,6,11,9,28,26,2,1,1,1
25,188,376,469,369,75,4247972,9,7,1,621,2934365,14,14,10,6,25,20,5,1,0,0
26,159,408,736,356,59,8495119,6,4,1,350,2717317,12,10,10,6,39,47,3,1,1,1
27,190,444,528,378,68,5136247,14,7,0,312,4982000,13,19,10,8,31,33,6,1,0,0
28,180,421,414,326,88,2231650,9,1,1,488,2719142,9,13,18,3,23,25,10,0,0,0
29,193,325,499,203,68,7804118,8,1,0,490,1050021,14,6,10,4,33,4,8,0,0,0
30,101,462,594,223,98,1397471,7,6,0,509,4909188,9,5,9,7,25,39,3,1,0,1
31,122,344,468,334,57,4411103,11,5,0,344,1688696,14,19,18,7,22,8,8,1,0,0
32,176,331,466,326,82,2858755,9,8,0,812,667131,12,5,11,11,20,25,10,0,1,1
33,136,467,457,208,49,9524067,6,6,1,892,658800,7,6,18,4,38,46,8,1,0,0
34,99,322,551,329,55,4460969,10,6,1,857,1025615,14,17,8,9,20,15,10,0,0,0
35,129,313,619,294,22,3742013,6,9,1,724,3597785,11,8,13,4,24,48,7,0,0,1
36,184,502,566,317,62,1588407,14,5,1,360,1521318,11,19,12,6,26,45,9,1,1,1
37,144,544,486,397,22,4305012,6,9,1,315,3472221,7,12,17,3,14,29,5,1,1,0
38,170,355,678,347,25,3331712,12,5,0,897,1390836,5,10,15,3,23,19,9,1,1,1
39,82,465,443,331,50,1847081,14,6,1,887,2313166,13,13,7,11,32,47,5,1,0,0
40,198,359,721,339,43,4522247,14,4,0,717,680838,10,14,19,11,17,41,5,0,0,1
41,150,393,429,339,46,5960675,8,7,1,539,2880034,6,10,10,9,12,6,4,1,0,0
42,194,369,507,244,94,1299176,8,8,1,766,384192,11,18,7,11,14,44,5,0,0,1
43,171,424,547,267,91,1966367,10,1,0,630,4688233,14,13,17,10,37,35,4,1,0,0
44,157,480,557,308,95,6101557,6,5,1,461,2118678,13,9,13,5,25,26,3,0,1,0
45,88,345,716,247,37,2904977,13,2,1,729,1696863,8,16,11,6,23,3,4,0,1,1
46,191,384,464,351,83,2305446,11,8,1,731,4891736,12,8,7,9,16,28,4,0,0,0
47,80,444,502,211,86,3787897,6,2,1,604,4767417,9,6,12,3,17,46,7,1,1,0
48,141,394,708,252,58,8259356,9,5,0,828,1218223,12,8,16,11,18,23,9,1,0,0
49,194,487,638,226,56,8625130,10,7,1,373,4158830,7,8,19,6,22,33,8,0,0,0
50,147,350,494,265,27,3580521,7,6,0,748,3224389,8,18,13,11,30,0,2,1,1,0
51,117,489,591,216,90,2826720,11,1,1,504,4433198,14,19,15,10,39,22,9,0,1,1
52,146,526,489,269,63,4066258,10,4,0,422,4353082,7,17,9,7,22,12,9,1,1,0
53,97,338,740,240,33,8053585,7,9,1,391,3689532,11,12,18,3,34,31,2,1,0,1
54,184,543,482,215,45,1294837,9,3,1,547,459557,11,6,18,4,31,32,6,1,0,0
55,176,479,604,381,65,2923018,6,5,0,346,3142317,11,8,6,5,31,22,10,1,0,0
56,191,386,641,338,66,7231413,13,8,0,499,1197803,10,18,5,6,39,8,5,0,0,1
57,105,355,435,275,70,1993279,9,4,1,304,2567418,5,11,16,10,37,41,5,0,1,1
58,121,428,576,296,44,9740375,14,8,0,384,1590967,6,12,6,7,17,28,3,0,0,1
59,95,346,581,396,67,7572080,8,2,1,801,1194759,8,6,11,4,12,32,10,0,0,0
60,147,452,733,242,42,983911,14,2,1,321,2208673,5,19,6,8,10,20,4,1,1,0
61,133,403,578,311,36,642439,11,3,0,704,4976044,9,19,9,9,25,15,8,1,0,1
62,190,328,506,327,66,8388695,6,8,0,462,1396754,12,8,13,8,21,41,4,1,1,1
63,170,513,468,248,68,3513101,6,5,1,493,1059607,5,16,19,10,37,10,9,1,0,1
64,126,322,747,224,20,507933,10,6,1,686,3195765,12,8,5,10,34,4,8,0,0,0
65,176,363,598,249,51,1521852,9,3,1,556,430030,9,7,11,10,10,16,3,1,1,1
66,83,355,729,312,71,4197042,9,4,0,520,2536281,5,14,13,8,36,7,3,0,0,0
67,110,411,533,219,69,4594348,7,9,1,468,3159652,13,16,10,6,10,2,6,0,0,1
68,197,464,692,292,62,8728659,10,2,0,431,1206797,12,17,9,9,10,43,3,1,0,0
69,98,322,618,342,36,1744514,10,9,0,587,4748425,13,9,19,3,39,7,8,1,0,1
70,91,429,422,338,93,4132038,8,1,1,514,4104084,10,17,7,10,39,2,6,0,0,1
71,90,310,724,228,41,9761799,13,7,0,730,1433057,12,17,19,4,22,49,4,0,1,1
72,148,371,436,271,47,6599036,10,9,0,737,1596469,12,8,7,3,18,38,4,0,0,1
73,91,523,715,346,24,3428454,12,1,0,785,444945,10,14,5,6,29,37,6,0,1,1
74,191,497,575,310,52,3905946,14,8,0,582,1500295,14,10,7,3,37,40,4,1,1,0
75,164,515,546,229,75,9933750,12,6,1,524,4432524,13,5,16,10,23,1,2,1,0,1
76,166,495,747,261,81,5556247,13,7,0,812,978401,6,10,11,10,11,38,7,0,0,0
77,85,441,422,221,96,6902794,10,1,1,316,3210908,12,12,15,7,23,36,5,1,1,1
78,167,503,480,364,33,9674727,12,3,0,594,665024,7,12,15,11,17,28,9,1,0,0
79,99,514,601,376,57,857763,8,1,0,419,4354285,14,17,19,3,23,25,7,1,0,0
80,187,311,749,211,58,3408274,12,5,1,338,3289009,5,8,11,6,36,44,9,0,0,0
81,156,443,510,329,76,2213807,14,9,0,467,2884610,5,12,10,7,15,30,1,1,1,1
82,147,543,659,385,70,1292234,9,4,0,751,3484077,11,19,19,3,10,0,6,0,0,0
83,122,426,641,375,64,1226683,11,9,1,381,2068526,13,13,14,10,29,6,9,1,1,0
84,92,395,469,246,42,6287517,11,5,0,496,1658352,12,6,10,9,12,14,9,0,1,0
85,110,531,463,291,29,5779635,11,8,0,385,4550499,11,6,13,9,31,31,6,1,0,0
86,157,535,557,209,21,1761809,10,3,1,367,2357729,14,17,10,4,32,25,2,0,1,1
87,178,433,559,303,30,7152038,6,4,0,374,3166401,9,5,18,4,17,12,8,0,0,1
88,164,323,638,215,70,9930946,13,3,1,317,4741864,10,15,16,10,38,10,3,1,1,1
89,128,451,749,241,53,6866794,8,5,1,738,4221667,14,14,18,6,14,0,6,1,0,1
90,148,460,645,315,94,8034349,13,5,0,803,3589076,12,9,8,4,10,43,8,1,1,1
91,116,537,442,268,37,4823574,10,7,0,730,1896974,7,17,16,7,39,49,7,1,0,1
92,133,364,665,325,74,1146199,12,4,0,519,3156047,11,15,10,9,16,28,7,1,0,0
93,158,527,577,248,87,8574712,12,6,1,372,4430798,12,14,12,9,27,24,10,1,0,0
94,148,519,515,385,31,7588239,8,7,1,737,2283194,10,11,11,9,36,11,7,1,1,0
95,159,495,425,300,22,4962580,6,7,0,588,3813160,13,12,10,7,20,49,3,0,1,1
96,90,334,639,347,40,9680161,7,4,0,592,2449090,10,13,19,6,18,47,7,1,0,1
97,81,464,530,296,39,1936752,13,9,0,556,4905621,5,15,17,10,14,11,8,0,0,1
98,174,509,432,250,34,1996292,14,9,0,649,2186155,8,12,19,11,15,34,6,1,1,0
99,80,414,471,378,66,6942886,12,7,1,625,4968828,11,18,12,6,28,17,2,1,0,1
100,103,301,607,263,90,1128439,13,6,0,898,4403025,13,8,16,4,30,17,7,0,0,1
101,179,322,485,256,74,9134847,6,1,0,847,1595336,7,12,7,11,37,24,6,1,1,0
102,181,407,600,398,87,6962215,8,9,0,424,2756058,5,13,16,6,29,4,5,1,0,1
103,143,366,615,292,78,3019913,10,7,1,467,4830815,5,14,12,3,18,16,7,1,1,0
104,154,363,664,238,76,5909075,8,1,0,802,1293083,9,11,14,6,26,2,7,0,1,1
105,124,508,458,395,74,3152587,11,8,0,696,3759404,14,16,15,8,23,16,6,1,0,1
106,113,484,546,382,50,571251,12,4,1,681,4588199,6,5,12,9,17,29,9,0,1,0
107,149,402,440,289,26,8062834,10,7,0,329,4170947,8,9,11,3,22,20,10,1,1,1
108,97,448,520,373,58,2156140,7,2,1,866,495590,10,8,6,11,10,13,7,1,0,0
109,181,348,645,307,45,2903828,12,9,1,764,2688492,8,5,13,6,25,21,9,1,1,1
110,100,394,658,246,97,9969383,8,5,1,648,4705042,8,7,11,11,31,47,8,1,1,0
111,118,394,616,393,67,6074065,9,7,1,448,3488705,11,5,6,6,24,36,8,1,0,1
112,151,414,486,239,89,7642120,10,3,1,563,4154134,5,6,9,5,35,25,1,1,1,0
113,155,317,498,260,62,1032530,14,4,0,345,379086,9,6,19,8,37,22,1,1,0,1
114,120,494,479,207,65,1492178,8,1,0,872,4342408,14,14,7,8,36,24,7,0,1,0
115,151,359,484,304,92,5741632,14,6,0,874,1172462,11,19,15,5,22,12,3,1,1,1
116,149,448,455,306,26,744341,13,8,1,352,4110978,12,16,7,9,31,4,1,1,1,0
117,81,428,498,323,41,7097157,8,7,0,635,4524985,13,18,18,8,17,19,1,0,0,0
118,150,486,634,201,51,7271046,12,4,0,620,4796485,8,8,6,5,22,5,4,1,0,0
119,95,528,445,373,64,2716069,13,8,0,406,3238656,5,12,12,9,38,9,8,1,1,1
120,118,353,517,243,40,1342547,7,8,1,821,1824095,6,9,14,10,32,33,9,0,1,0
121,188,320,749,331,98,4571056,14,3,1,516,3720060,5,17,5,8,30,31,7,1,0,0
122,160,314,691,293,69,5681398,14,5,0,384,3816830,7,19,13,9,15,21,2,1,0,0
123,196,405,524,336,83,2846894,6,7,1,304,4970033,13,16,15,8,11,34,7,1,0,1
124,153,328,697,229,54,9062871,14,1,1,824,3894893,9,14,9,4,32,33,6,0,1,0
125,100,363,668,313,86,5393825,6,7,1,800,4073479,9,16,17,7,20,14,2,1,1,1
126,117,453,543,394,34,3543629,11,7,1,305,1171871,6,6,9,9,10,11,8,0,1,0
127,134,409,499,205,35,4178995,10,1,0,373,2439150,8,6,11,7,26,39,3,1,0,0
128,192,512,671,316,28,1713821,10,7,1,496,52405,11,12,19,3,29,16,7,1,0,0
129,174,458,704,224,86,1225933,8,9,0,563,4868323,10,17,7,5,36,34,6,1,1,0
130,129,475,425,392,67,2273724,11,5,1,727,2731572,11,9,16,10,26,39,9,1,0,0
131,133,423,402,310,68,6372538,8,9,0,733,3094824,14,7,7,3,21,17,1,0,0,0
132,191,378,675,327,71,6176116,7,2,1,801,2011800,10,12,13,5,22,39,9,0,0,0
133,143,411,554,349,72,9092851,6,4,0,842,1920069,5,10,16,4,32,6,2,0,1,1
134,98,507,648,290,28,4064505,9,1,1,538,4845003,10,8,10,5,30,27,7,1,1,0
135,101,336,665,390,28,5979818,12,2,0,724,2299067,11,19,6,5,36,15,6,0,0,1
136,154,404,441,324,36,3548143,13,1,0,402,1675297,9,5,8,11,10,49,2,1,0,0
137,93,418,454,282,78,8234959,10,7,1,789,3718148,5,9,5,3,34,37,6,1,0,1
138,144,499,638,391,60,4642856,14,8,1,759,194703,10,19,9,4,34,33,4,1,0,0
139,197,359,596,239,31,8945436,6,6,1,398,40127,8,17,6,6,12,32,10,1,0,0
140,152,441,563,209,80,5694300,13,6,0,428,1681157,12,10,8,5,19,13,2,0,1,1
141,125,324,501,306,98,8408941,7,4,1,842,222084,9,9,15,10,21,6,2,0,0,0
142,89,381,509,330,22,4057724,9,4,0,876,2715793,8,5,14,8,14,17,8,1,0,1
143,121,446,571,349,63,6368497,13,5,1,633,2018491,10,8,15,7,19,28,1,1,1,0
144,199,427,660,315,27,3854326,11,6,1,663,150182,14,5,15,10,28,7,7,0,0,0
145,81,388,512,376,68,1695513,6,6,1,755,1378372,13,10,11,4,36,9,6,0,1,1
146,193,503,735,387,45,2720588,13,8,1,560,1292210,10,18,5,6,25,35,10,0,1,1
147,150,452,432,367,85,4070315,10,8,0,585,3472997,13,5,8,3,28,47,3,1,0,1
148,126,541,738,230,41,5958142,7,9,0,366,511258,7,7,5,10,26,46,2,0,1,0
149,182,539,530,289,65,8060922,9,6,0,556,4362320,13,6,11,5,19,35,7,1,0,0
150,162,429,726,273,76,2203521,14,3,1,804,1269815,9,14,16,4,24,12,7,1,0,1
151,158,341,640,246,66,1955020,8,1,1,418,217790,7,13,13,5,13,22,8,1,1,1
152,119,510,446,312,22,8357512,10,4,0,750,1467025,9,8,18,4,15,20,1,0,1,0
153,159,383,454,238,46,2355244,10,3,1,331,3652530,5,10,12,7,11,30,4,0,1,0
154,85,389,460,344,50,1323278,13,8,0,853,3859371,7,6,8,6,13,4,1,0,1,0
155,101,349,710,365,73,1077144,7,3,1,520,427803,8,19,12,4,11,21,8,1,1,0
156,81,538,607,295,84,5916365,9,7,0,833,1229690,12,19,8,10,26,6,1,1,1,0
157,86,519,401,387,32,985530,13,5,1,693,2202539,13,9,7,4,26,49,2,1,0,0
158,117,521,705,363,67,5950824,6,8,0,379,2088813,11,8,14,10,32,11,2,0,1,1
159,168,536,675,304,38,8482156,7,3,1,509,3858807,12,8,7,8,16,27,9,0,1,0
160,178,367,686,240,79,7079108,7,8,1,576,1378626,13,13,16,8,29,2,8,0,0,0
161,135,431,489,304,47,3939256,7,8,1,838,4799384,7,18,8,9,39,39,6,1,1,0
162,186,525,558,350,37,9933361,6,7,0,322,1329862,5,8,13,10,38,25,2,1,1,1
163,92,320,487,376,80,8725629,14,5,1,624,665660,8,17,14,3,21,2,7,0,1,0
164,168,460,649,206,41,6073461,8,3,1,437,4813786,8,16,7,3,37,34,5,0,0,1
165,156,356,472,350,98,7015094,6,6,0,606,3415327,8,19,13,6,25,2,4,0,1,0
166,162,315,538,359,87,6619655,12,5,1,363,1037057,5,19,14,8,25,21,1,0,1,0
167,109,483,455,293,57,8992939,7,2,0,748,2663842,11,5,14,7,25,28,2,1,0,0
168,190,343,641,324,34,3372665,14,2,0,718,2477513,11,8,13,11,30,29,8,1,1,1
169,130,365,402,342,64,2587494,14,2,0,682,786782,8,15,10,6,35,34,2,0,1,0
170,101,391,505,334,78,8704705,10,3,0,813,1292783,8,9,5,8,24,16,9,1,0,1
171,196,548,747,328,99,6828975,6,5,0,532,2350077,6,6,19,3,17,35,3,0,0,0
172,156,485,602,265,75,8180904,11,6,1,649,3315938,5,7,11,8,22,39,7,1,0,0
173,127,449,685,274,28,5138800,13,8,1,814,2939944,12,12,16,10,18,2,1,1,1,1
174,116,406,572,200,82,1574880,12,8,1,442,3867358,6,11,7,6,28,7,4,0,1,1
175,154,548,620,233,98,5806045,7,9,0,577,4304519,12,19,16,5,17,32,9,0,1,1
176,82,388,667,225,84,5032552,10,7,1,547,163390,11,15,18,5,29,45,9,0,1,0
177,113,492,587,228,47,4528019,12,5,0,756,430626,13,10,17,7,23,5,3,1,1,0
178,148,310,450,352,28,4245393,14,5,1,510,3240040,6,8,13,8,15,6,4,0,1,0
179,172,485,415,302,37,6342024,10,1,0,472,1163365,13,5,14,4,26,12,10,1,1,1
180,119,394,555,270,27,2071127,8,9,1,556,1237131,7,18,7,7,10,9,1,0,0,0
181,126,496,699,348,63,8652423,8,8,1,640,4954714,12,12,11,11,36,7,6,0,1,1
182,170,481,446,211,42,764407,9,5,0,530,3479036,6,15,7,6,38,36,6,0,0,0
183,112,525,677,389,97,7261328,9,3,1,309,3750078,12,12,15,10,16,38,8,0,1,1
184,172,367,427,260,57,1367866,10,3,1,770,2992648,10,6,6,9,33,6,3,1,0,1
185,126,311,433,285,34,4938249,6,3,1,400,49196,14,19,19,9,32,42,10,0,1,1
186,167,465,431,364,53,1679644,10,1,1,495,1775094,14,5,13,6,20,38,4,1,1,0
187,171,497,644,283,81,9196579,7,5,1,440,2083001,13,17,19,11,11,27,2,0,0,1
188,118,531,711,224,99,978657,11,7,1,743,1773726,14,18,17,3,26,2,6,1,1,0
189,87,527,494,236,61,9771461,14,1,1,437,1692992,11,5,9,4,20,3,10,0,1,0
190,141,399,678,284,29,3106378,11,1,0,499,3612706,10,8,10,11,31,38,6,0,1,1
191,187,543,674,394,44,7132123,9,1,1,699,3624418,13,7,15,5,14,8,5,0,1,1
192,141,463,507,211,42,9785948,13,2,0,622,2122657,11,8,9,11,37,11,5,1,1,1
193,112,453,596,355,95,1666606,8,1,0,414,2494631,10,15,6,3,19,5,5,1,0,1
194,99,380,518,391,72,5697736,14,1,1,461,2857011,8,8,18,6,15,36,7,0,1,0
195,176,389,501,271,89,9894589,10,2,1,539,4448703,7,14,13,4,21,39,3,0,0,0
196,147,501,628,271,58,3973014,10,8,1,611,3535287,8,6,11,7,16,43,9,1,1,1
197,107,319,576,313,80,1166483,6,9,0,326,2563202,13,11,8,4,30,7,9,0,1,0
198,95,476,724,340,44,8878325,9,4,0,687,1722079,11,10,6,10,23,32,1,1,1,1
199,184,442,635,356,62,8050660,6,4,0,321,2784248,5,18,8,6,20,6,6,1,0,1
200,136,459,672,236,90,9701613,7,6,0,473,1150081,11,6,9,7,26,20,4,0,0,0
201,181,456,641,247,71,1952379,6,8,0,707,4202251,8,19,14,4,11,22,5,0,0,1
202,80,423,470,267,89,9283761,10,8,0,676,1294805,11,13,9,11,16,17,4,0,0,1
203,178,338,449,343,39,1983668,13,7,0,509,1574280,14,16,9,5,30,48,3,0,0,1
204,115,532,702,323,56,8437287,8,9,1,327,1141478,7,17,15,9,11,14,3,1,1,0
205,82,489,415,394,40,3004652,13,7,1,624,4554385,12,13,14,5,38,3,2,0,0,1
206,83,525,698,370,66,7445837,13,5,0,827,2420262,10,9,15,9,31,26,7,0,1,0
207,197,466,554,335,33,6491423,9,7,1,569,437923,13,10,13,10,16,43,5,0,1,0
208,168,346,743,264,82,8012885,8,7,1,571,786966,12,12,14,5,39,15,6,1,1,0
209,143,334,632,357,48,1541757,13,9,0,418,1153821,10,11,13,5,36,21,2,0,0,0
210,154,313,456,242,33,5930513,10,7,1,792,133835,6,18,9,8,28,20,6,1,1,1
211,121,304,742,210,61,2298922,14,4,1,460,115838,12,18,15,11,26,26,10,0,1,0
212,124,378,424,283,88,1683280,6,7,1,302,3864012,9,18,11,5,15,27,5,0,0,1
213,85,353,454,243,96,1557231,6,9,0,707,3174606,10,9,17,7,34,41,5,0,0,1
214,160,457,413,337,44,2752974,9,8,0,344,1845936,8,11,7,4,20,26,7,1,0,0
215,156,327,664,377,92,8436089,10,1,1,516,414706,12,8,16,11,20,32,9,1,1,0
216,123,401,470,273,86,8720749,6,1,0,603,1894054,13,8,18,11,27,37,8,1,1,1
217,192,318,538,398,29,8661436,14,8,1,893,4103384,10,7,12,6,14,19,4,0,1,0
218,81,411,626,215,41,7087967,12,4,0,836,2578257,8,12,12,10,37,15,4,1,0,1
219,142,376,639,354,22,3020832,7,6,0,544,1640031,10,13,5,5,19,38,1,1,0,0
220,108,539,545,257,94,5922642,11,9,1,356,187310,12,16,15,5,30,45,8,1,1,0
221,98,384,426,238,38,7565721,14,2,0,409,662016,13,11,17,5,23,7,2,1,0,0
222,117,464,418,339,86,7939074,11,6,0,379,4805736,10,12,19,9,17,2,1,0,0,0
223,168,303,636,334,56,5197362,12,1,1,330,1986458,7,10,17,8,34,13,2,0,0,1
224,161,535,674,257,50,2677744,11,7,1,732,3327030,6,13,6,9,26,31,10,0,1,1
225,176,373,501,367,45,6143503,12,4,1,899,4094597,9,16,9,8,29,16,5,1,0,0
226,183,452,412,350,43,3253283,12,8,1,332,642349,8,8,6,10,25,0,9,1,0,1
227,169,331,566,316,36,5572362,10,2,0,326,3524435,14,18,14,6,12,34,4,0,0,0
228,116,404,586,204,85,7120794,13,5,0,342,4166336,13,9,5,9,32,35,6,0,0,0
229,81,491,731,378,93,3410102,10,2,1,787,4832073,8,15,7,8,10,8,4,1,0,0
230,189,390,595,331,48,8760448,10,6,1,564,1029304,11,6,16,3,33,40,2,0,0,1
231,110,357,521,233,99,2307621,11,8,1,410,1598920,10,12,18,4,30,35,5,1,0,0
232,167,327,483,215,30,1955314,7,8,0,714,958745,8,5,5,11,16,3,4,0,1,0
233,195,532,614,337,88,7032049,14,5,1,403,4762820,10,10,16,7,38,8,1,0,0,1
234,131,326,628,319,38,9699279,14,2,0,498,4855750,10,15,6,5,26,11,9,1,0,0
235,164,456,404,363,93,1086070,9,8,0,531,3600692,8,14,7,10,32,8,8,1,1,0
236,134,504,457,391,72,2043427,8,3,0,515,2911998,6,10,19,4,16,22,2,0,0,0
237,180,452,670,361,75,5384407,14,3,0,335,4646823,11,18,12,8,33,24,4,0,0,1
238,170,523,671,386,31,4438956,6,5,0,698,3257512,12,19,14,6,22,9,10,1,1,0
239,116,429,494,315,78,3855182,11,1,1,690,4058030,11,18,11,8,22,43,1,1,0,0
240,152,420,675,307,55,9069662,9,6,1,439,1642859,9,12,7,11,12,8,4,1,0,1
241,156,348,554,279,62,6221206,13,8,1,328,3542289,10,9,6,8,27,32,4,0,1,0
242,143,356,500,311,82,972116,8,3,1,668,3337653,9,11,7,7,37,11,5,0,1,1
243,106,393,694,203,46,4780146,9,6,1,698,4529737,13,10,9,11,28,13,1,0,0,1
244,103,414,412,296,40,8685798,8,2,1,880,133285,11,16,8,3,11,47,10,0,0,0
245,97,546,527,337,73,1974779,9,2,0,513,1041321,9,18,8,11,14,18,1,1,1,0
246,187,308,555,336,28,705412,12,6,1,601,3941895,13,18,12,10,35,8,7,1,1,1
247,138,472,409,214,26,867427,6,3,1,782,4865683,5,8,15,9,13,27,3,1,0,0
248,148,529,542,310,34,2158586,7,1,1,898,2878188,8,8,14,10,35,28,9,0,0,1
249,166,503,516,250,36,4093970,13,7,0,434,2300694,9,18,6,6,26,19,6,0,1,1
250,187,314,522,243,76,2207998,14,5,1,743,1372796,8,8,17,6,34,38,3,0,1,0
251,142,452,475,225,42,7765874,6,7,1,354,4688898,8,14,16,3,15,48,5,1,0,1
252,199,366,587,384,52,3415802,7,1,0,330,3324299,9,14,13,9,20,40,6,1,0,0
253,101,379,456,263,80,5787686,13,1,1,686,1347201,11,6,13,7,24,14,10,1,1,0
254,153,363,683,295,37,8594008,12,5,1,559,2723125,11,8,11,9,25,44,7,1,0,0
255,93,480,401,324,95,2061396,13,1,1,500,3182324,11,8,18,9,11,16,1,1,0,1
256,125,381,502,235,80,5960073,12,1,0,836,4030318,6,8,19,7,12,44,8,1,1,1
257,168,482,496,380,38,8879288,14,6,0,880,635918,9,6,8,5,14,23,5,1,1,0
258,105,534,503,287,68,9406477,8,1,0,640,3567516,14,12,7,8,35,36,9,1,1,1
259,84,446,580,253,85,4045014,8,4,1,481,3299001,13,7,17,11,25,15,5,0,0,0
260,191,337,622,256,92,2791711,10,3,1,712,2065888,5,16,19,5,12,27,8,1,0,0
261,95,322,426,372,26,2138609,7,6,0,834,392778,14,15,15,3,16,2,1,1,1,1
262,150,350,493,335,75,5759273,13,9,0,314,1214742,10,6,15,9,29,41,3,0,1,0
263,180,377,564,397,81,5187784,10,7,1,734,442017,11,13,19,11,32,9,10,1,0,1
264,137,449,441,374,84,7732126,10,9,0,346,470337,14,6,15,3,24,43,9,1,1,0
265,102,390,423,247,43,3940064,12,2,0,649,3708245,10,9,12,4,22,1,3,0,1,0
266,139,406,633,280,26,4119932,12,4,0,573,4158268,6,16,18,6,29,39,7,1,1,0
267,91,456,548,330,99,4163928,13,6,1,664,3747392,6,6,11,4,20,1,10,1,1,1
268,183,491,658,268,98,2732796,6,8,0,549,4516342,5,11,18,9,29,28,1,0,1,0
269,136,452,493,375,37,3226757,14,5,0,583,3197809,7,12,18,4,28,26,9,0,0,1
270,111,398,633,221,94,8724945,7,8,1,317,4884394,13,15,5,9,21,18,5,0,1,1
271,134,525,516,211,96,6827307,8,3,1,531,2051833,9,19,6,4,33,31,2,1,1,1
272,150,474,447,201,96,3160425,7,5,0,654,4143913,6,6,19,10,15,29,7,1,0,1
273,116,435,711,200,27,5851991,7,3,0,517,1555607,11,9,9,7,27,23,2,1,1,1
274,100,494,515,262,49,7523313,12,9,0,705,4808437,10,7,5,3,29,37,9,1,1,0
275,166,465,567,324,47,6440131,6,1,0,308,3704485,6,11,14,6,13,24,1,1,1,0
276,154,378,479,294,80,2575098,7,3,0,750,4637234,6,18,11,9,37,11,5,1,0,0
277,102,466,561,303,60,6358865,8,1,0,758,2050281,10,5,18,9,19,23,5,1,1,1
278,100,522,670,330,34,2970694,7,5,0,332,1795074,10,10,5,7,38,34,9,1,1,1
279,105,313,409,202,73,3493686,13,6,0,363,265136,9,11,11,7,17,25,5,0,0,0
280,142,306,541,399,66,4341937,13,8,1,655,3340881,13,16,17,6,27,21,7,1,0,0
281,156,414,736,398,80,6088313,9,9,1,386,920746,5,18,6,8,14,14,6,1,0,1
282,112,483,449,219,90,2446173,10,3,0,824,2168740,12,10,16,5,24,23,10,1,1,0
283,179,316,667,211,21,746793,7,6,0,313,1803256,9,8,13,10,32,30,6,0,0,1
284,155,330,599,373,98,5712561,14,6,0,488,855193,9,10,5,6,14,0,10,0,1,0
285,186,327,479,206,98,1547595,12,3,1,385,4897959,5,7,13,7,20,31,3,1,1,0
286,170,360,413,339,40,4370054,7,2,1,368,1882384,13,14,18,11,27,48,5,1,1,1
287,191,354,656,319,29,5256979,11,8,0,334,1364344,14,6,5,6,26,11,4,1,1,1
288,110,457,575,343,72,1974178,7,1,0,782,1387403,9,18,12,7,39,44,2,1,0,0
289,92,502,726,386,56,3364848,11,9,0,855,3507810,12,15,9,4,30,46,1,0,1,0
290,113,431,703,358,65,3834872,7,7,0,310,4409165,6,7,11,9,28,43,1,1,1,0
291,129,484,449,317,61,7568823,13,5,0,804,3619243,13,19,7,9,36,36,2,0,1,1
292,112,540,571,328,91,3752247,7,6,0,569,1908562,11,18,14,6,38,19,5,0,0,1
293,84,306,692,238,46,4185876,11,8,0,830,3907385,9,6,18,9,24,44,1,1,1,0
294,111,534,739,376,84,5516183,10,3,1,485,3537946,6,19,16,11,25,8,6,1,0,0
295,153,335,427,287,41,8798521,13,5,1,801,1411694,5,15,12,10,11,12,3,1,1,1
296,189,325,468,324,65,6784992,9,6,0,867,1355277,6,19,14,10,11,7,6,1,1,0
297,110,485,477,219,66,4770264,10,3,1,324,3757746,13,17,11,11,28,28,5,1,1,1
298,121,326,739,205,83,3825199,7,2,1,842,2866357,10,19,9,4,16,11,10,1,1,0
299,95,370,508,336,55,4310637,7,6,0,879,4317064,5,8,12,8,32,16,1,1,0,0
300,83,429,505,226,54,9692262,10,1,0,784,3901401,14,14,9,8,18,32,6,1,1,1
301,195,532,415,390,60,1423491,11,1,1,486,3604841,13,6,10,5,12,7,9,1,1,1
302,84,427,636,261,21,1890309,10,9,0,875,326312,12,17,7,7,32,2,6,1,1,0
303,191,473,744,306,59,2651543,12,5,1,473,2154181,14,10,10,11,17,4,10,1,0,1
304,131,312,664,399,33,3696494,12,6,0,856,3625823,13,15,6,11,29,31,5,1,0,0
305,158,412,649,353,53,7730254,9,9,1,839,3694483,9,12,8,6,17,31,3,1,0,1
306,106,300,639,387,95,3737814,10,3,1,662,53550,10,7,8,5,21,11,8,1,1,0
307,193,322,524,264,71,3444699,12,1,1,670,4937119,13,12,15,7,34,17,2,1,1,1
308,179,305,646,292,76,5927713,10,3,0,673,4728709,5,7,15,7,19,37,7,0,0,1
309,141,545,737,291,60,3341289,12,7,1,669,4003931,6,8,14,10,21,42,6,1,0,1
310,115,512,688,391,32,5995253,9,4,0,569,3891258,11,16,5,3,25,30,9,1,0,0
311,133,408,643,210,31,9122574,10,8,1,596,3669248,5,5,8,11,13,29,4,1,0,1
312,123,320,471,372,96,1956751,13,4,1,831,3407053,11,17,19,6,21,15,4,0,1,0
313,136,527,524,399,45,9891898,10,6,0,739,443298,7,8,6,11,20,30,6,0,0,1
314,121,442,470,256,73,9994826,12,3,1,438,4399248,14,19,9,4,35,8,8,1,1,0
315,112,344,415,239,71,3632595,9,1,0,813,2247455,8,16,19,10,30,6,2,0,1,0
316,93,453,468,238,63,850828,6,4,0,377,1875548,14,19,18,8,19,3,10,1,0,0
317,98,499,439,217,55,4212829,10,6,0,408,4485708,9,18,8,3,32,28,6,1,0,0
318,146,458,551,217,91,9463194,9,1,0,722,1627211,5,14,17,7,29,21,1,1,0,1
319,159,514,610,313,37,1165740,12,8,1,684,1144865,14,6,16,7,31,20,3,1,0,1
320,154,524,691,348,89,6741969,12,1,1,697,4845697,7,8,6,11,33,45,10,0,1,0
321,82,385,573,303,55,1330522,10,9,1,342,3913193,8,16,14,8,13,16,10,1,1,0
322,173,451,736,393,46,1965614,14,6,1,830,1482963,6,13,9,6,14,48,6,0,0,1
323,115,500,702,392,65,5064931,8,3,0,813,148001,11,6,13,9,26,33,1,1,0,1
324,151,480,481,337,63,5993071,8,7,1,443,1007276,8,16,17,3,13,47,10,0,0,0
325,129,439,414,260,70,9241014,10,1,1,586,290006,14,19,7,5,13,0,2,0,1,1
326,160,334,703,207,74,4392652,7,7,1,376,3850572,10,16,15,11,14,49,5,1,1,0
327,164,376,488,353,90,7050698,6,2,0,881,525559,14,13,17,5,14,39,7,1,0,0
328,84,471,535,240,61,3637565,14,2,0,409,646539,6,10,5,8,24,21,10,1,0,1
329,168,535,721,339,43,4270341,8,7,0,328,973620,12,19,18,3,21,46,6,1,0,1
330,145,430,559,220,40,3602494,7,3,1,738,2124262,6,11,9,10,25,38,3,1,1,0
331,158,361,491,218,64,924162,10,9,1,605,727703,14,5,18,7,31,41,10,1,0,1
332,89,503,738,328,63,4581464,8,1,1,404,465724,9,9,8,6,15,30,2,0,1,1
333,167,335,702,338,86,8351484,7,2,1,304,4781882,9,12,7,10,13,16,10,0,1,1
334,114,518,696,383,48,6470715,12,6,1,455,1859888,12,14,8,8,35,39,8,1,1,0
335,189,394,471,273,42,4585740,7,7,1,375,306193,13,6,10,7,29,0,2,1,0,0
336,93,417,484,376,32,1093890,8,2,0,793,167510,11,11,5,10,10,2,10,0,0,0
337,145,482,618,316,96,2610537,8,4,1,529,672731,6,12,15,8,27,15,10,1,1,0
338,197,503,419,333,96,3014128,7,4,0,433,1241310,13,5,9,11,38,19,5,1,1,0
339,116,437,420,213,51,2564084,13,2,0,659,4041798,11,8,5,11,18,28,5,0,0,0
340,162,521,698,254,26,2248620,7,8,0,470,1146985,13,16,14,11,38,24,5,1,1,1
341,133,408,688,297,62,4608286,11,3,0,363,4012902,10,16,9,10,37,31,3,0,0,1
342,170,356,645,331,77,4093899,11,6,0,754,315227,13,9,5,8,38,45,8,0,0,0
343,135,305,694,327,77,3274686,9,9,1,321,1981358,14,13,11,5,13,45,3,0,1,0
344,131,363,547,204,23,2543983,13,3,0,726,3975501,8,5,16,9,29,20,1,1,0,1
345,187,322,426,370,69,2685905,13,5,0,826,4178184,5,19,11,8,18,44,9,0,0,0
346,114,321,445,245,23,6719206,12,2,0,854,1904829,13,17,10,4,24,18,10,1,1,0
347,197,471,419,301,33,9389673,14,2,1,468,1603297,5,8,17,11,33,5,6,0,0,1
348,178,448,711,242,97,1210346,12,6,1,540,494123,11,14,12,9,24,14,4,1,1,1
349,111,328,665,346,64,9604435,7,7,0,685,3037358,6,8,18,7,16,19,7,1,0,0
350,166,530,473,251,44,2403718,8,2,1,642,3419285,10,7,5,5,30,11,7,0,0,1
351,145,538,705,325,80,2747644,12,4,1,305,1082300,9,13,9,9,28,8,10,0,0,0
352,154,447,402,327,72,9768845,10,7,1,803,3065585,12,15,9,9,18,47,7,1,0,0
353,130,376,715,334,69,2378449,12,8,0,417,4156772,10,7,15,8,38,12,3,1,1,0
354,98,332,689,369,82,5892796,14,1,0,890,2254713,6,15,6,7,31,13,8,1,0,1
355,193,528,723,314,65,5582524,12,7,1,449,2260218,12,10,14,7,17,42,4,1,1,0
356,124,502,407,319,38,1116688,14,6,0,756,2388613,12,8,13,9,11,0,1,0,1,0
357,197,456,402,375,90,3139848,13,7,0,811,3911994,8,14,5,10,31,36,10,0,0,1
358,100,539,669,297,33,6911211,11,1,1,842,2275637,11,16,15,7,34,33,3,1,0,0
359,172,450,540,287,56,3657718,8,5,0,657,1166976,7,17,8,11,33,3,9,1,0,1
360,92,394,439,293,33,6197520,7,2,1,744,753726,9,9,12,5,34,19,9,0,0,1
361,83,365,430,308,77,1031950,14,5,0,410,3494006,11,15,10,4,30,13,2,0,1,0
362,131,379,633,397,29,2367986,10,8,0,698,302774,9,10,7,6,39,3,7,1,0,0
363,182,539,417,257,74,2578765,12,1,0,471,4455931,13,16,11,3,37,23,3,1,0,1
364,174,418,671,370,79,1891206,8,3,1,764,1672557,7,16,12,10,32,1,3,1,0,0
365,195,454,632,379,47,3845051,14,1,1,382,597751,12,5,6,8,32,4,10,1,0,0
366,100,458,572,387,96,2671322,7,8,1,422,6041,10,15,18,10,11,6,3,1,0,1
367,89,434,570,202,69,6360688,11,7,0,744,3877564,5,10,14,4,28,8,4,0,1,0
368,104,438,564,361,34,3641678,8,7,1,475,4008655,6,15,15,3,27,27,5,0,1,0
369,185,482,411,290,41,5385043,14,6,1,788,3454481,11,10,11,4,35,8,9,1,0,0
370,92,407,460,271,76,9794897,6,5,0,748,541737,14,18,5,8,17,22,4,1,0,0
371,106,479,547,275,29,3166410,13,5,1,629,984436,14,14,14,10,12,17,6,1,0,0
372,127,486,655,354,90,2376231,10,7,1,502,1204513,8,6,14,10,32,35,2,1,1,1
373,149,480,561,327,88,3211642,6,1,0,749,2895627,14,19,8,11,18,12,6,0,1,0
374,170,323,502,382,95,3134087,8,7,1,321,2776712,11,19,12,7,11,1,6,0,1,1
375,138,463,597,314,87,3812571,9,3,0,500,4249447,7,9,5,7,15,42,8,0,1,1
376,143,436,628,219,54,6109875,13,8,0,749,4978443,13,7,12,4,27,13,1,1,1,0
377,172,461,503,288,99,6167492,6,8,0,845,1078419,11,18,8,10,30,40,4,0,0,0
378,158,536,428,217,91,2851737,12,1,0,544,608967,7,10,5,5,33,44,10,1,0,0
379,82,545,722,228,79,6115609,9,6,0,773,2184857,5,8,16,5,19,31,8,0,1,0
380,158,357,523,373,51,8348147,6,3,0,516,3468736,11,6,15,9,30,46,3,1,0,0
381,132,413,429,315,76,5330698,6,5,1,428,3673414,9,15,13,3,31,11,7,0,0,0
382,111,302,461,243,75,9151466,10,8,0,646,274664,10,8,17,8,39,20,1,1,1,0
383,112,495,409,361,77,6186133,12,6,0,879,2948567,8,8,13,3,24,1,2,0,0,0
384,100,549,566,306,56,9051386,11,1,1,687,3231743,9,14,12,8,19,47,8,1,1,1
385,184,363,656,363,35,3489921,13,8,0,384,4497038,11,18,11,3,34,42,3,1,0,1
386,103,528,674,210,53,8868353,8,2,0,727,3622719,10,16,18,10,21,13,2,0,1,1
387,127,529,408,395,25,1563348,12,6,1,831,747081,14,8,13,4,38,48,3,0,0,1
388,158,437,600,334,52,9041959,9,8,0,758,2340509,8,17,15,9,22,25,6,1,0,0
389,141,469,435,392,24,2624368,12,5,1,619,2617285,9,18,5,7,20,19,3,1,0,0
390,176,472,424,281,75,4805670,6,8,1,687,1811679,13,8,19,8,15,43,5,1,0,1
391,171,314,480,385,92,740305,13,4,0,682,2329453,12,18,18,3,32,49,6,0,1,1
392,125,397,584,315,80,1490238,6,7,1,535,470758,7,5,19,3,34,20,3,1,1,1
393,199,445,693,358,92,1998219,6,5,1,699,3769911,14,5,17,7,35,12,6,1,0,0
394,156,433,456,227,28,3968405,12,1,1,496,4098270,7,5,12,6,37,37,8,0,0,1
395,194,330,607,353,63,633485,12,1,0,423,1467166,6,14,9,11,10,12,1,0,0,0
396,136,435,463,368,51,8369515,8,4,1,677,646726,6,16,14,7,25,43,10,0,1,1
397,100,474,536,207,34,4836525,13,2,0,590,3052920,12,11,5,8,18,25,7,1,1,0
398,198,427,442,327,77,3599231,11,9,1,438,4395864,12,19,13,4,31,46,5,0,0,0
399,135,338,679,230,88,6508062,13,6,1,872,2395220,14,16,6,4,22,3,2,1,1,1
400,162,489,541,348,86,9194092,10,1,0,800,4285487,7,18,13,8,33,14,7,0,0,1
401,176,418,480,321,67,4797250,13,9,1,667,3245828,5,5,16,8,19,0,4,1,1,1
402,103,390,676,354,48,6665314,13,4,1,424,1760504,8,13,7,11,39,3,2,0,0,1
403,109,480,511,378,33,3005485,6,4,1,744,259763,7,13,18,9,31,46,9,1,1,1
404,127,477,536,389,82,5590857,8,5,1,392,758709,11,7,16,10,25,10,9,0,1,0
405,100,433,596,302,72,4743707,8,1,0,380,859551,11,9,6,3,36,23,9,1,1,1
406,109,441,459,300,23,7268992,12,6,0,463,1167471,6,12,5,5,28,34,8,1,0,0
407,118,337,717,354,78,9829149,11,9,1,753,4582976,9,10,15,8,32,35,2,0,0,0
408,172,364,570,332,69,1869422,6,2,1,873,747693,7,6,12,6,30,2,1,1,0,0
409,167,531,535,368,84,3102539,13,6,1,879,662845,5,8,18,10,24,31,6,0,0,1
410,95,428,506,301,70,9698017,11,5,0,619,2452194,14,11,15,3,37,48,9,0,1,0
411,140,335,566,365,68,9871635,10,1,0,705,4150743,13,17,19,6,36,16,6,1,1,0
412,95,354,499,298,98,1858893,6,4,0,887,4109602,14,17,15,4,18,14,3,1,1,1
413,195,544,471,258,90,5489477,11,7,0,569,1359678,8,15,13,10,20,20,9,1,1,0
414,143,375,421,316,67,4470192,9,6,0,432,4270161,9,15,18,11,10,46,8,1,0,1
415,99,334,705,286,76,1778812,13,4,0,620,4453796,7,6,8,6,36,18,7,1,1,0
416,104,459,633,291,59,2609963,11,1,0,698,4620898,10,15,9,10,36,31,4,0,0,0
417,81,529,487,366,88,6521711,6,8,1,642,3413597,12,8,18,5,25,14,3,0,0,0
418,87,547,721,291,71,9890234,10,5,1,661,1858113,6,10,11,3,11,1,9,0,1,1
419,80,542,434,231,51,593254,13,7,1,536,4462831,6,18,13,9,25,22,3,1,1,0
420,152,380,585,336,81,4494330,13,5,0,384,4524776,12,17,5,9,30,25,2,0,0,0
421,122,436,502,380,78,6977191,14,5,0,651,3698345,12,15,5,7,36,30,5,0,1,1
422,184,309,555,397,65,673885,6,6,0,497,3303299,7,7,6,8,25,47,1,1,1,1
423,125,334,725,357,71,9539162,6,2,0,818,1097762,14,12,9,7,13,39,10,1,1,0
424,196,385,435,300,72,9211699,7,4,0,635,4895752,13,18,14,7,12,21,9,1,1,0
425,153,526,583,395,42,7407470,7,8,0,327,4793718,11,14,5,4,12,10,6,0,1,0
426,132,535,659,351,28,7741706,6,2,0,657,2137713,5,13,5,4,11,10,10,0,1,0
427,113,501,607,309,60,2766374,11,6,0,880,4604406,8,9,10,11,27,39,1,0,1,0
428,153,544,622,331,27,1609906,9,3,1,357,1014812,6,5,5,8,18,15,8,1,1,1
429,175,541,656,387,96,4357678,11,4,0,433,2666118,6,10,9,4,32,45,3,1,0,0
430,141,377,460,274,96,568405,8,1,0,749,2427582,13,12,15,7,25,47,8,1,0,1
431,83,494,475,318,96,4383838,6,6,0,700,2361111,5,14,6,5,10,20,3,0,0,1
432,104,533,654,359,48,4023272,12,6,1,745,2606310,12,16,10,3,15,43,2,1,1,0
433,175,496,648,372,23,2678900,14,4,1,770,2633843,14,8,5,9,26,31,1,1,1,1
434,82,431,453,250,96,4667020,10,6,0,521,4193880,13,19,6,4,38,31,10,1,0,0
435,120,432,471,390,47,4836771,10,3,0,620,671393,8,9,8,6,36,17,4,0,1,1
436,186,308,662,271,78,6505751,10,1,1,447,4240193,14,7,12,6,18,47,4,1,1,1
437,157,317,666,269,31,1233459,6,1,1,767,628632,9,11,14,9,26,4,6,0,1,0
438,87,531,715,389,48,6899468,6,7,1,591,1044644,9,5,16,7,23,15,9,0,0,1
439,173,416,632,240,27,3023337,9,4,0,703,2472399,6,13,18,5,18,27,3,0,0,1
440,139,523,719,391,61,6173247,10,2,1,861,2116093,5,15,14,3,30,22,4,1,0,1
441,156,519,467,248,30,3014481,8,5,0,434,2860538,7,10,6,9,31,19,10,1,0,0
442,171,347,656,227,71,2448192,12,8,0,519,2644237,14,12,6,6,12,5,5,0,0,0
443,163,534,500,291,39,3991638,7,8,0,546,402850,11,8,5,11,25,35,2,0,0,1
444,199,539,551,382,57,4411579,6,1,0,558,2309886,7,12,12,11,15,16,8,0,1,1
445,126,528,492,329,87,8652108,14,5,0,488,2295875,12,18,12,11,36,47,3,1,1,1
446,91,510,522,370,83,5860672,12,3,0,826,1271675,12,18,8,9,17,14,3,1,1,1
447,148,361,574,251,27,8435920,11,5,0,441,3395243,9,11,7,5,33,46,9,0,0,1
448,184,430,528,233,65,2029990,9,5,1,341,4049091,7,17,12,11,22,17,2,0,1,0
449,100,467,643,345,26,4500185,9,2,1,373,143902,5,19,18,4,11,4,3,0,1,0
450,122,457,517,247,81,5832428,8,4,1,516,3858339,6,7,8,8,39,0,5,0,0,1
451,140,434,562,333,87,5707623,14,1,1,640,194654,13,17,6,11,31,46,3,1,0,1
452,114,453,544,369,23,1267150,10,4,1,726,2711095,14,12,16,11,14,8,6,0,1,1
453,135,320,404,215,86,4639603,13,8,0,627,3965933,7,8,7,6,22,26,8,1,0,0
454,165,423,596,271,30,9364254,11,6,0,714,461424,13,18,16,7,15,44,1,1,0,0
455,105,475,605,270,61,8806728,13,9,0,825,74774,14,18,17,3,13,24,4,0,0,0
456,116,498,495,347,96,6614267,6,1,0,695,3445269,13,13,17,4,31,12,9,1,0,1
457,178,385,548,240,36,1202406,8,5,0,771,583587,11,15,9,10,16,20,3,1,1,0
458,161,414,733,366,58,9875803,14,9,0,687,1883718,10,6,13,8,14,30,7,1,0,1
459,96,453,559,218,73,783907,11,4,0,693,457567,12,18,12,6,18,30,5,1,1,0
460,141,523,428,310,42,1220899,11,6,1,460,699591,13,15,18,10,21,48,2,0,0,1
461,165,452,402,328,74,9860836,7,1,0,566,943560,5,13,10,7,28,4,4,1,0,0
462,178,397,657,270,62,5256873,9,7,0,769,2036426,5,13,9,3,21,11,8,0,1,0
463,176,364,633,376,58,1261186,12,5,0,453,4206852,9,15,15,11,19,13,4,0,1,0
464,120,544,522,285,76,5311619,14,9,1,887,4866073,13,10,17,7,13,15,8,0,1,1
465,90,496,453,319,57,5529581,7,1,0,580,3240158,9,11,6,8,20,48,8,0,1,0
466,90,542,517,315,54,831780,14,4,0,396,2282915,13,7,15,3,24,21,7,0,1,1
467,199,452,547,271,91,4876610,12,3,1,688,2196834,13,14,9,11,18,8,2,1,1,1
468,180,321,743,291,24,6352951,14,7,1,794,534898,9,8,15,4,38,43,10,0,0,1
469,138,388,466,308,59,8017475,8,4,0,771,3964712,11,18,7,8,24,39,8,1,1,1
470,136,518,516,346,63,2229018,13,7,1,840,1262298,12,11,12,5,31,1,4,1,1,1
471,95,471,728,215,94,2767593,12,6,1,765,919268,5,9,7,9,29,4,1,1,1,0
472,178,437,726,258,79,8311745,6,1,1,339,1447420,10,6,17,8,17,23,4,1,1,1
473,94,371,504,365,86,5883483,10,3,1,500,1241262,12,19,5,11,32,19,1,1,0,0
474,104,517,525,337,77,3461010,14,2,0,862,3326170,9,19,14,11,19,34,5,0,0,1
475,84,352,402,312,27,3010291,6,3,0,330,3565585,6,6,5,6,16,38,2,0,0,0
476,133,513,669,300,74,7043088,10,9,0,621,884105,13,7,6,3,14,47,3,1,1,0
477,87,469,685,308,91,8533987,9,3,1,775,3656139,10,17,10,4,22,30,3,0,1,1
478,118,490,696,308,28,678938,7,6,1,329,1517264,13,7,15,10,28,43,10,1,0,1
479,178,407,408,377,37,4352520,7,4,0,838,1080147,5,16,19,7,38,36,7,0,1,1
480,155,451,559,343,25,8380458,9,8,1,876,3103076,7,16,14,5,30,24,4,0,0,1
481,123,495,618,318,86,4931060,11,8,1,427,445610,7,18,15,9,38,31,5,1,0,0
482,94,309,468,353,54,701400,13,8,1,593,3132601,13,11,10,10,39,42,1,0,0,0
483,186,317,495,281,94,4374819,14,6,0,446,838792,11,19,18,9,10,3,2,1,0,1
484,120,470,744,252,63,6866084,14,4,0,814,610548,8,14,9,3,31,37,1,1,0,0
485,170,321,588,309,34,730965,7,5,1,588,434268,10,5,15,6,25,22,4,0,1,0
486,143,437,513,217,20,7137686,11,6,0,815,3796860,13,8,18,3,13,44,7,1,0,1
487,192,304,575,245,54,5633398,7,3,0,396,4526850,14,5,10,10,15,4,8,0,0,0
488,138,474,608,274,43,2420820,12,8,1,669,1169709,11,18,16,5,28,39,2,0,1,0
489,163,370,681,296,53,9145317,8,5,0,345,1926934,8,15,10,6,32,37,10,1,1,1
490,109,457,648,246,92,7277371,14,5,1,353,674989,12,18,19,11,32,23,6,1,0,0
491,199,427,635,267,41,8129394,7,6,1,366,4569152,13,19,14,7,17,48,7,0,0,1
492,87,442,583,394,80,3195910,8,4,1,538,1108868,10,11,11,3,14,43,4,1,1,0
493,93,371,500,387,68,5566188,6,4,0,409,4275878,8,11,16,5,34,3,5,0,1,1
494,171,511,597,395,83,8965744,12,4,0,733,4357759,7,10,19,10,22,23,6,0,1,0
495,138,403,470,342,23,4913338,9,3,1,694,3160057,12,15,18,8,16,38,10,1,1,0
496,168,325,535,240,91,6215638,9,7,1,329,3185701,14,16,15,11,33,15,1,1,1,1
497,176,534,555,380,31,7764355,14,9,0,478,1817824,14,9,16,6,35,26,10,0,1,0
498,147,356,529,256,45,3183976,9,4,0,861,1371952,13,17,5,4,33,17,5,1,1,1
499,167,451,599,236,26,3547236,9,6,1,321,857880,6,9,8,5,21,43,8,0,1,1
500,95,378,578,367,63,7656201,12,5,0,487,4277229,6,8,14,8,19,17,3,0,1,0
501,86,528,603,346,37,2962974,10,3,0,834,4712516,13,13,15,11,37,35,10,1,0,0
502,126,326,450,336,30,892135,11,5,0,751,3351025,13,11,14,9,23,21,5,1,0,0
503,84,444,702,351,43,4959379,10,4,0,657,2475574,11,18,7,9,18,37,6,0,0,1
504,153,394,689,329,59,8418030,7,4,1,377,4415836,10,5,9,10,14,10,2,0,0,1
505,103,432,500,314,99,2551776,12,3,1,349,1205055,10,15,10,11,25,1,6,0,0,1
506,134,518,560,329,81,8727613,8,1,0,326,3497777,5,7,18,8,14,32,8,1,0,1
507,150,469,411,325,96,5643744,13,8,1,574,3639156,10,6,9,7,27,9,9,0,1,0
508,190,398,623,249,33,7419692,9,1,1,342,1512834,12,17,9,6,17,34,6,0,1,1
509,84,383,490,286,69,2140812,7,9,1,605,1474745,6,14,15,3,29,32,2,0,0,0
510,151,394,621,379,35,4259870,8,2,1,551,1151769,14,19,14,8,16,7,9,1,0,0
511,80,335,457,240,97,2893851,12,1,1,510,2509714,14,10,15,7,12,5,1,1,0,1
512,180,546,629,373,26,6647174,7,3,0,317,3511690,5,12,18,11,23,25,6,1,1,1
513,128,508,631,206,36,8070089,14,4,0,694,923108,5,12,10,5,34,33,5,1,0,1
514,170,320,630,388,95,6114770,13,5,0,602,220874,7,7,9,6,37,24,7,1,0,1
515,154,309,741,380,33,7711027,7,2,0,746,646512,7,16,15,8,25,1,4,1,1,0
516,189,513,518,399,30,2873905,6,4,0,829,1613304,14,16,10,3,21,43,5,0,0,0
517,148,469,723,328,35,9253977,9,7,0,334,1539889,9,13,19,7,31,40,6,1,0,0
518,119,386,467,262,37,5711066,12,5,0,308,4867266,13,19,10,10,25,4,4,0,1,0
519,91,532,657,398,97,5729567,9,2,0,766,4439727,8,17,6,8,30,0,2,1,1,0
520,94,528,507,382,67,2279809,13,4,1,775,4128485,11,10,6,3,13,27,10,0,0,1
521,176,462,561,384,27,3908252,14,3,0,849,3719406,7,19,18,4,34,10,6,0,0,0
522,93,461,741,329,84,3665350,10,7,0,630,48079,12,11,19,5,29,42,5,1,1,1
523,138,399,680,379,66,1097324,11,5,1,454,2101556,8,16,12,7,26,17,4,0,0,0
524,116,533,654,353,70,4069793,10,8,0,595,3625271,11,8,19,5,14,18,10,0,0,0
525,90,441,402,367,83,9629207,6,2,0,848,2047454,9,17,18,5,28,38,4,0,1,0
526,101,351,504,314,32,526502,11,5,1,706,2613340,10,12,19,3,15,44,1,0,0,1
527,157,384,658,242,58,997254,9,2,1,725,2586539,6,18,12,8,10,7,9,0,0,0
528,185,501,478,259,53,8763521,10,8,0,535,3950872,8,17,19,10,38,41,6,1,1,0
529,114,455,463,290,94,8331470,13,9,0,407,2527316,6,5,11,3,11,20,4,1,0,0
530,163,375,641,397,93,9427875,9,6,1,785,646332,10,6,8,9,13,41,1,1,0,0
531,114,513,433,326,88,5931128,6,7,1,443,1207285,8,14,12,11,28,16,7,1,0,0
532,171,477,596,373,81,1742915,9,1,1,326,3069303,10,14,11,3,31,29,2,0,0,1
533,112,311,573,307,84,8067488,12,3,1,434,523775,9,7,18,11,36,43,9,1,0,1
534,93,391,580,206,74,5852444,14,8,1,334,426027,9,15,5,8,24,18,8,1,0,0
535,162,438,605,214,84,6315053,9,7,1,546,4563760,5,16,12,7,34,22,4,0,0,0
536,175,504,459,383,87,4752160,10,4,1,501,2959922,10,6,12,3,24,27,2,1,1,1
537,81,330,447,348,98,2670745,11,7,1,802,872751,6,10,14,3,29,10,10,1,1,1
538,116,346,746,287,90,1303224,11,9,1,360,879842,12,17,18,5,20,10,9,0,1,1
539,188,413,702,267,26,7440023,8,9,0,773,1700995,9,18,19,3,18,29,4,1,0,0
540,157,448,435,246,78,2062653,11,6,1,669,1552425,9,13,15,7,18,48,1,1,1,0
541,188,496,655,272,43,7297481,10,9,1,370,1122502,13,9,11,5,30,18,6,0,1,0
542,181,422,513,372,89,6525344,12,9,1,391,4527936,10,17,11,7,33,31,9,0,1,1
543,103,418,498,215,79,1779374,6,7,0,474,3706145,13,13,13,5,36,18,3,0,1,1
544,127,454,735,291,55,5502958,13,5,1,462,4878233,6,12,19,10,18,20,7,0,1,0
545,127,397,732,279,36,7206310,12,9,1,634,3479919,13,18,12,5,14,32,4,0,1,1
546,170,454,657,331,34,4786225,12,7,1,635,3956186,12,6,14,3,37,29,2,1,0,1
547,171,414,622,231,77,4013138,9,7,1,653,2706537,14,14,14,11,11,37,4,0,0,0
548,131,523,458,374,69,9485802,9,9,0,476,1017641,12,18,7,11,19,26,3,0,1,1
549,181,416,711,269,22,756897,10,2,1,514,830468,13,11,10,5,24,49,9,0,0,0
550,125,503,547,302,25,7635047,8,2,0,519,3012621,7,14,17,10,13,48,4,1,1,0
551,181,536,429,387,96,9820968,11,1,1,427,1103677,10,13,14,7,12,8,4,0,0,1
552,183,454,644,244,85,6385972,10,1,1,728,1632737,8,6,9,6,18,44,9,0,1,0
553,190,511,673,202,68,1749266,7,1,1,610,2187801,12,6,11,6,11,26,3,1,1,1
554,139,328,402,254,54,2563928,8,2,1,717,4890150,11,14,14,6,12,45,9,1,1,0
555,121,456,543,252,71,2879088,12,5,1,879,3096700,11,14,19,7,10,18,2,1,1,0
556,164,435,720,278,71,3139665,11,6,0,625,3428023,11,10,12,3,15,34,7,1,0,0
557,198,464,469,320,26,7012548,7,7,0,732,300756,5,11,15,3,36,41,10,0,1,0
558,157,481,414,232,50,2517953,10,2,1,754,3931376,6,19,14,4,38,24,7,1,1,0
559,138,523,570,311,39,3643374,12,8,0,541,3446105,13,13,10,9,30,48,7,0,0,1
560,133,325,700,368,73,9728191,14,2,0,375,158964,7,13,9,8,31,48,2,0,0,1
561,87,310,639,363,52,7551533,12,9,1,329,3531281,12,9,8,3,16,10,4,0,1,0
562,188,413,636,340,76,5551284,13,3,0,425,2756988,11,10,9,9,26,24,9,1,1,0
563,95,518,598,315,25,8598590,13,7,1,551,1981912,9,7,9,6,31,32,2,1,1,1
564,156,334,662,241,71,3873525,6,1,1,831,1198413,9,15,15,9,18,21,8,0,1,0
565,110,544,604,301,47,9561647,8,1,0,750,4192360,7,18,13,11,26,41,5,0,0,1
566,144,458,657,388,42,8932576,14,7,1,729,4537769,7,16,14,11,27,38,10,1,1,1
567,195,339,525,204,79,8358053,14,3,1,356,2109737,12,10,5,10,39,32,10,0,1,0
568,107,513,411,360,21,5412094,10,4,1,716,142020,14,17,17,10,12,2,8,1,0,1
569,81,432,622,319,57,6608885,7,5,0,560,3740219,7,19,14,10,25,9,8,1,0,1
570,163,413,558,245,90,725354,9,5,1,819,1600865,8,12,19,6,11,16,9,0,0,0
571,117,329,462,349,53,1288712,8,3,1,509,1213398,11,14,6,4,30,11,2,1,1,1
572,87,518,666,334,29,1497780,12,5,1,835,950547,14,10,8,8,38,9,1,0,0,0
573,84,315,607,269,42,7721808,12,2,0,866,3996040,13,11,19,11,16,25,2,1,0,0
574,199,511,534,274,32,5880885,7,3,0,871,948924,7,18,11,3,18,35,8,1,1,0
575,150,339,652,206,64,4153385,8,8,1,546,1753404,7,10,17,8,20,46,9,0,1,1
576,186,504,540,291,87,8306808,10,9,0,517,4512905,9,10,13,7,11,8,4,0,1,0
577,184,495,745,270,34,2133842,11,5,1,448,1774934,5,14,7,5,16,38,5,0,0,0
578,114,499,723,385,96,787894,7,4,0,403,413138,9,11,11,6,11,29,8,1,1,0
579,110,510,683,298,96,2343264,8,2,0,570,334598,14,7,14,3,21,21,9,1,1,0
580,181,479,740,370,43,4590746,14,9,0,852,1834200,5,5,19,10,19,32,5,1,0,0
581,119,546,594,337,81,6067797,8,1,0,638,2584112,11,11,18,6,37,33,8,0,0,0
582,194,333,401,341,89,7019347,9,7,0,774,2647684,13,5,19,9,35,14,9,0,0,0
583,161,346,442,280,66,3603140,13,8,1,369,2446077,12,19,15,8,15,25,7,1,1,0
584,169,403,580,366,61,7735398,9,7,1,604,2538349,7,9,8,5,17,30,7,0,1,1
585,146,316,740,340,95,5267966,13,3,1,850,771593,13,10,15,11,23,19,3,1,1,0
586,173,447,710,258,97,5055329,9,9,0,839,145673,9,12,18,6,21,7,2,0,1,0
587,161,439,575,368,20,3144610,10,3,0,573,4877554,14,5,16,5,38,48,6,0,1,1
588,145,484,586,247,41,7826930,9,8,0,421,2906386,5,9,17,8,17,10,5,0,0,1
589,190,419,572,242,22,1117791,11,8,1,699,3133201,6,5,18,3,32,9,10,1,0,1
590,110,517,567,262,65,4440174,13,8,0,755,3129119,5,18,9,4,36,5,5,0,1,0
591,83,434,525,382,34,7495554,6,3,1,713,3220783,6,18,10,4,33,8,9,1,1,0
592,149,531,591,314,58,9310457,14,1,1,717,4605604,13,18,5,7,13,23,10,1,1,1
593,155,455,479,372,23,2838581,9,8,1,796,378249,6,5,15,8,29,22,1,0,1,1
594,173,306,693,242,46,7678363,7,8,1,554,2072635,13,17,8,5,14,3,1,0,0,0
595,135,452,514,392,29,2198830,10,9,1,617,4119271,14,8,12,7,30,0,9,1,1,0
596,167,433,680,352,60,1277088,8,5,1,541,2202801,6,13,12,9,33,21,3,1,0,0
597,174,340,420,327,47,9167927,10,3,0,877,2526915,11,12,12,4,30,15,4,1,1,0
598,172,495,485,223,40,7920201,10,6,1,779,1934130,13,7,17,10,10,5,7,0,0,0
599,155,528,401,343,20,1336735,12,4,1,419,2873730,14,18,15,11,34,22,3,0,0,0
600,191,306,546,288,46,8438207,8,5,0,704,4739,5,16,7,3,33,33,3,1,1,1
601,160,534,490,319,99,2293792,11,4,1,843,1978336,8,15,5,9,33,32,10,0,0,1
602,180,356,494,340,55,5906489,11,9,1,356,3415894,10,12,18,11,29,48,4,0,0,1
603,119,470,723,300,22,4827628,14,8,1,763,4583551,12,12,9,4,35,26,8,1,0,0
604,171,383,533,380,54,1581725,13,2,0,388,1403454,13,14,15,11,19,45,6,1,0,1
605,192,461,440,321,87,5314238,9,3,1,620,3098130,6,9,18,11,35,38,10,0,1,1
606,85,418,704,361,24,3906201,13,5,0,655,4606221,11,16,18,7,16,4,8,0,0,0
607,105,315,735,296,35,4228960,6,3,0,715,4772330,8,18,17,10,19,30,9,0,0,0
608,172,465,674,324,92,8742181,9,4,0,364,1897663,8,6,9,7,17,43,2,1,0,1
609,143,507,475,238,49,4007312,6,1,1,500,2106826,8,10,7,11,30,18,2,0,1,1
610,87,305,537,397,41,6285762,9,8,0,594,1945409,9,19,7,4,13,49,10,0,0,0
611,87,545,500,367,25,9707965,11,4,0,514,1201277,14,9,16,3,27,49,10,1,0,1
612,179,367,524,213,39,2170468,12,5,1,858,4880065,13,18,6,6,29,13,2,1,1,1
613,101,338,509,290,91,8042780,10,1,1,604,1326539,9,19,12,5,29,15,4,0,0,0
614,122,326,591,356,83,760767,9,3,1,838,1073728,10,8,12,3,31,10,10,1,1,1
615,165,430,520,253,93,6319591,8,5,0,399,2591195,5,14,19,9,38,22,10,0,1,0
616,120,456,749,229,27,4921582,12,7,1,452,1158612,14,10,15,8,17,38,6,0,0,0
617,108,491,471,399,53,3247937,10,2,1,680,1359178,13,19,15,11,31,35,3,0,0,0
618,177,528,546,242,20,1551956,12,2,1,892,2372315,11,15,9,10,15,49,5,1,1,1
619,199,501,439,275,81,9119557,7,3,1,724,871181,7,9,14,3,31,2,10,0,0,1
620,81,391,591,329,62,894935,7,5,0,314,810918,7,17,6,8,12,48,3,0,0,0
621,164,516,620,389,57,1611353,11,2,1,495,670450,9,18,8,8,15,20,8,1,1,1
622,85,434,574,228,84,8411783,8,5,1,391,3311107,6,15,5,9,32,26,2,0,1,1
623,170,369,659,339,20,1316774,8,7,1,791,845506,9,19,18,7,28,47,3,1,0,0
624,107,454,640,392,63,7821464,14,8,1,332,4398910,6,9,17,8,21,34,5,1,0,0
625,106,336,591,278,98,2303011,11,7,0,390,2654837,8,9,6,9,27,13,5,0,1,1
626,130,397,479,379,28,2099935,8,5,1,437,383994,9,16,8,3,30,37,4,0,1,0
627,109,332,465,204,54,5793041,14,6,1,736,4777870,5,5,14,10,10,23,2,1,1,0
628,126,466,442,233,41,1047270,11,8,1,313,2562618,13,8,14,6,27,9,3,1,0,1
629,111,505,572,269,33,679029,9,2,1,789,609181,14,16,15,10,20,38,6,0,1,0
630,158,485,627,362,66,1993876,8,2,0,745,2454705,5,14,17,6,31,44,7,1,1,0
631,129,340,663,305,72,9851973,9,8,1,587,1825434,8,10,17,5,14,7,5,0,1,1
632,100,322,520,366,50,7171897,6,5,1,819,1341367,6,16,17,8,23,21,5,0,1,1
633,196,416,492,250,21,6856994,8,9,1,348,4954741,5,6,6,6,15,23,2,0,1,1
634,133,361,593,237,35,9819941,11,3,0,590,1976918,8,13,11,6,10,45,9,1,0,1
635,133,435,633,313,51,893957,6,4,1,853,1745079,13,5,11,4,35,5,6,0,0,0
636,187,413,731,295,49,8244542,12,6,0,505,1989845,13,6,12,3,38,31,3,1,0,0
637,165,331,430,227,46,3791016,10,1,0,809,4810135,13,18,19,8,38,21,2,0,0,0
638,147,433,542,358,68,2535128,14,4,1,601,262055,10,19,19,8,17,37,1,0,1,0
639,175,418,617,277,29,3961567,12,8,0,694,2005822,12,5,14,8,39,25,8,0,1,0
640,170,421,574,368,77,2710733,12,6,1,898,1620111,10,14,11,4,38,20,2,0,1,0
641,175,490,670,260,94,7442564,10,5,0,433,3725431,11,17,13,9,35,30,2,1,0,1
642,120,341,501,365,51,4911414,10,4,1,827,4295920,13,18,11,7,13,7,2,1,0,1
643,103,397,621,258,39,5380518,9,3,1,720,4808484,11,14,8,7,37,10,5,1,0,1
644,123,477,579,208,60,1763503,12,8,0,412,2335597,12,8,5,11,14,36,5,1,0,1
645,129,478,549,363,72,3732999,6,1,1,872,133870,13,14,14,5,21,4,5,0,0,1
646,119,390,597,200,62,5654219,8,3,0,809,4390403,5,5,18,10,22,2,5,0,0,0
647,175,525,706,376,81,4742428,11,1,0,702,1764290,9,15,12,10,24,7,1,0,0,1
648,99,300,593,228,54,8655627,7,4,1,335,2911941,8,18,16,8,23,43,7,1,1,0
649,102,462,660,307,32,4859212,11,3,1,408,1668095,11,10,17,9,20,34,3,0,1,1
650,153,436,597,254,54,9904729,9,5,0,560,1457977,14,8,8,6,23,18,3,1,0,1
651,103,545,638,224,38,6476170,10,1,0,653,53447,7,16,10,5,33,35,3,0,0,0
652,103,445,498,269,73,9051993,14,8,1,707,3101560,14,19,17,11,15,9,1,0,1,0
653,180,345,676,257,86,1498401,13,4,0,638,2547854,12,8,16,5,19,44,4,1,1,0
654,102,340,583,246,67,5939126,8,9,1,382,4898107,14,13,15,5,34,5,7,0,1,0
655,99,304,723,373,96,5049632,9,4,1,845,3274687,10,13,16,8,22,16,8,0,1,1
656,91,312,596,272,89,4940378,10,7,0,398,2603133,9,19,14,4,15,36,9,1,1,0
657,81,381,556,316,53,6698262,8,9,1,383,1295907,10,11,5,8,38,20,9,0,0,0
658,169,527,496,242,90,8968271,12,5,1,489,394747,11,7,10,7,24,40,7,0,0,0
659,90,520,526,282,88,6041834,14,8,1,495,1106198,6,9,19,10,30,46,7,0,0,1
660,141,539,661,247,41,7632174,7,3,1,426,512567,10,9,8,6,25,40,5,1,1,1
661,153,429,737,371,21,7538407,10,6,0,882,1342443,6,17,16,6,29,37,10,0,0,0
662,95,455,679,290,45,1827003,14,5,1,684,3429110,13,8,15,8,24,24,8,1,1,1
663,159,331,455,212,33,4553136,14,7,1,497,3479683,7,11,12,8,36,11,2,1,0,1
664,175,479,503,322,20,5176414,11,8,1,475,999913,12,18,18,3,11,49,5,0,1,0
665,198,342,422,384,93,5840280,11,8,1,644,2338028,5,16,9,10,29,12,6,1,0,1
666,142,415,421,347,28,3038226,8,2,1,878,2453451,10,18,10,10,33,48,9,1,1,1
667,170,317,727,272,37,2452053,10,2,0,692,131318,10,14,19,10,26,36,3,1,0,0
668,81,515,695,303,74,3547693,13,1,0,328,3086743,9,15,19,5,17,29,6,0,0,1
669,86,399,529,211,33,3840551,13,9,1,803,915820,5,10,13,5,37,8,8,1,1,1
670,169,517,710,217,32,5189981,10,7,0,485,77145,8,15,18,5,15,43,2,1,0,0
671,120,361,437,323,76,2515941,7,6,1,574,1812265,12,17,10,9,18,49,5,1,1,0
672,123,509,414,208,92,7162753,8,1,1,612,4436483,5,13,12,9,22,17,5,0,0,0
673,105,485,664,248,78,8248742,10,6,1,311,175963,8,16,11,4,21,41,5,0,0,1
674,162,411,599,241,49,2694004,13,9,0,889,594512,13,11,19,4,14,14,7,0,0,1
675,191,369,491,343,67,6757805,7,2,1,340,2538428,7,7,19,9,24,47,2,0,1,1
676,142,471,598,335,65,4553377,7,9,0,505,294895,7,7,6,9,34,17,10,1,1,1
677,160,334,435,225,87,2910275,6,2,0,443,3968219,12,9,6,4,16,30,7,0,0,1
678,174,459,702,203,94,4768333,10,9,1,514,133749,13,5,10,11,25,2,7,0,0,1
679,175,456,497,362,92,2326552,13,7,0,324,2089064,13,7,19,10,15,11,4,0,1,0
680,193,388,543,372,69,5740781,13,3,1,428,2095547,9,19,15,7,39,48,6,0,0,1
681,123,304,599,308,83,555696,9,7,1,446,3510894,8,10,18,6,16,35,4,0,0,1
682,174,531,508,320,41,8395352,10,9,1,502,4338983,14,18,17,10,35,24,1,1,1,1
683,117,398,682,334,96,1699014,9,6,0,882,4166406,11,5,19,8,37,39,1,0,0,1
684,91,395,562,396,28,2042718,10,9,0,611,3170331,7,15,8,7,14,42,8,1,1,1
685,83,463,616,344,88,2624775,9,8,1,436,2742808,6,9,11,9,15,1,1,1,1,0
686,81,460,446,367,51,6051406,7,3,1,622,2419038,8,6,8,3,31,18,7,1,0,0
687,180,410,604,283,59,9791517,10,4,0,613,4157810,12,9,12,9,29,5,6,0,0,0
688,183,532,621,247,24,2071404,6,1,1,585,1477261,11,12,15,3,27,36,5,1,0,0
689,164,396,616,360,40,6176724,14,7,0,644,4987645,6,11,16,11,28,22,5,1,1,1
690,171,511,735,393,72,9048414,14,3,0,833,29193,5,6,12,5,26,41,9,1,0,0
691,185,449,644,298,51,8049969,10,7,1,416,3140627,13,18,15,6,39,25,6,1,1,0
692,135,479,420,205,81,569449,6,3,1,682,4210910,9,15,19,7,16,15,3,0,0,1
693,99,332,403,341,77,531303,13,4,0,677,3370020,6,19,9,4,20,11,6,1,0,0
694,163,420,648,392,31,3091719,8,1,1,529,4642191,5,12,9,10,12,30,5,0,0,1
695,138,542,683,328,61,2458096,8,5,1,669,2913217,11,11,18,5,35,46,2,0,1,1
696,198,451,569,288,74,6634799,11,2,1,363,3543539,10,9,9,3,19,44,7,0,0,1
697,164,503,490,311,20,6714322,10,2,0,375,2990041,8,5,9,7,34,46,8,1,1,0
698,113,325,454,229,28,3774276,11,3,1,528,3285893,14,8,17,10,28,34,10,0,0,1
699,199,408,414,352,35,6521724,14,8,0,765,4131849,14,9,9,10,31,9,8,0,1,1
700,141,408,413,372,41,4497519,11,4,0,680,1401706,10,14,10,8,14,35,9,1,1,0
701,107,302,495,353,36,8462325,6,2,1,499,365179,6,19,18,11,23,49,8,0,1,0
702,140,542,553,383,98,2919618,11,8,0,338,4572158,10,19,5,8,16,0,6,0,0,0
703,109,501,625,277,99,2454576,6,3,1,716,2324555,7,15,13,9,18,8,4,1,0,1
704,99,485,646,350,89,6047488,8,4,1,878,4788773,7,7,9,10,15,45,3,1,1,0
705,188,492,532,262,64,4103115,8,4,1,863,2745993,8,17,9,8,32,31,7,0,0,0
706,111,535,621,210,24,755148,6,1,1,596,1516565,6,12,19,3,29,24,2,1,0,1
707,104,441,600,332,44,1531586,13,9,1,777,3706222,8,12,8,3,10,16,2,0,0,0
708,175,526,741,210,50,2964388,14,2,0,809,2167560,12,8,18,3,36,40,1,1,1,0
709,143,397,569,237,92,7922469,13,9,0,377,4059315,6,17,16,9,12,2,2,0,1,1
710,120,430,506,330,36,4978029,14,6,1,581,2948965,10,12,9,3,26,48,5,1,0,0
711,101,464,612,383,88,9997543,9,5,0,655,1775953,7,11,10,6,28,31,3,0,0,0
712,186,451,527,230,61,2186249,11,3,0,724,705555,6,9,7,10,10,35,1,0,1,1
713,182,437,465,247,44,8866567,14,8,1,794,3490357,12,11,18,10,10,6,3,1,0,0
714,147,456,590,276,29,7143321,9,9,0,320,1161117,11,11,15,11,26,24,1,0,1,0
715,181,404,679,234,84,3726885,10,4,0,893,3841060,7,19,9,11,18,14,3,0,1,1
716,84,525,719,276,73,9685538,14,9,0,487,3198986,6,11,17,7,32,28,2,0,0,0
717,198,370,498,279,57,2939590,9,1,1,437,4696585,14,11,5,4,15,32,3,1,0,0
718,128,465,406,284,46,8952466,14,4,1,368,2655132,8,17,8,8,30,30,6,1,0,1
719,143,495,426,202,77,3674068,8,7,1,692,4408899,10,11,12,8,18,45,8,0,1,1
720,84,539,419,204,74,5142953,7,7,0,375,1630253,12,13,16,4,21,9,1,0,0,0
721,102,398,421,296,67,5649425,14,6,1,380,626158,8,18,11,5,27,12,10,1,1,1
722,186,461,401,292,49,1028549,9,3,0,673,3984629,10,7,18,4,10,11,1,1,1,0
723,115,330,597,371,63,3083082,9,2,0,652,2999192,6,6,10,10,33,33,10,0,1,0
724,114,320,687,281,45,6171612,14,5,0,434,4106242,12,19,18,11,35,20,4,1,0,0
725,122,327,467,257,48,9758123,11,1,0,762,2008484,6,6,10,8,29,36,5,1,0,1
726,137,304,539,222,69,6244036,13,4,0,434,3032341,8,15,16,8,21,29,9,1,1,0
727,119,467,551,295,51,6916898,7,6,1,865,1794264,14,17,11,10,15,24,4,1,0,0
728,94,370,586,274,26,6583762,11,3,0,867,763553,10,6,18,4,20,31,10,0,0,1
729,114,332,577,354,91,7396231,9,7,1,579,3754646,9,12,15,4,38,48,6,1,0,0
730,139,546,654,206,88,6512199,11,5,0,775,2954356,10,16,17,8,11,17,2,1,0,0
731,81,329,539,231,65,9189748,7,2,0,300,3928353,10,13,17,7,18,29,7,1,0,0
732,101,375,637,225,22,3895703,6,8,1,692,4204872,11,11,19,10,30,25,3,0,1,1
733,95,445,656,384,43,5492223,9,2,1,444,3700178,13,6,13,11,16,46,3,1,1,0
734,177,437,543,315,61,2728789,14,4,0,335,718762,6,12,8,11,13,23,1,1,0,0
735,112,340,738,291,54,3314973,11,9,0,650,46502,12,5,5,8,22,49,3,0,0,1
736,114,497,466,365,34,8122117,8,2,0,391,4774991,14,7,18,11,29,35,3,0,0,0
737,93,508,691,347,42,1958985,6,1,0,862,1043985,13,15,11,10,25,18,9,1,0,0
738,92,435,617,391,53,2600135,10,1,0,657,2101011,10,18,14,5,13,43,6,0,1,0
739,169,347,493,315,81,4983692,10,8,0,739,2668910,14,18,18,7,27,41,2,0,0,0
740,164,305,547,316,32,1988431,9,6,0,738,3943320,6,15,8,5,35,1,7,0,1,1
741,198,351,617,279,44,5297240,9,1,0,499,1909192,5,14,5,4,17,30,2,1,0,1
742,194,314,447,348,72,8324976,6,7,0,307,890076,14,18,12,10,15,18,10,1,0,0
743,149,542,458,257,81,4251196,9,6,1,452,2816082,6,12,8,6,34,41,1,0,1,1
744,122,406,583,397,57,5469993,10,7,1,572,1130370,5,19,8,7,37,3,1,0,0,0
745,105,374,531,362,34,6923783,7,7,1,757,4511214,9,19,16,4,27,48,8,1,0,1
746,189,515,489,362,34,9165367,9,5,1,898,89244,13,7,7,6,19,18,9,0,1,1
747,89,397,599,331,85,4145743,7,9,1,621,1993451,5,19,14,5,21,17,7,0,1,0
748,91,442,625,259,85,9148274,10,8,1,695,4653610,6,9,17,7,31,38,9,1,1,0
749,110,448,624,392,47,1915865,7,9,0,692,4069083,10,19,10,11,12,40,7,0,1,0
750,129,437,426,276,80,9552309,9,4,1,530,3056789,7,5,13,8,38,28,3,0,0,1
751,192,424,598,289,61,1719235,12,3,1,887,2426067,12,9,16,10,12,48,3,0,0,0
752,89,393,624,258,98,1926508,11,4,1,815,197421,5,13,9,8,14,12,9,0,0,1
753,100,534,631,204,74,5441667,10,7,1,662,4386323,13,19,15,10,10,12,1,1,0,1
754,159,505,715,259,39,1252780,7,8,0,370,1647795,5,16,19,11,21,46,9,1,0,1
755,111,509,740,395,89,3206923,6,4,1,860,3063250,12,16,18,3,13,11,7,0,0,1
756,89,424,748,374,31,4545468,13,2,0,803,2604958,13,7,7,9,32,12,5,1,1,0
757,142,538,632,307,24,1325669,6,1,1,700,2389065,9,9,9,11,24,41,2,0,0,0
758,86,456,460,266,78,7801188,13,1,1,551,1282301,10,14,18,6,25,49,6,0,0,1
759,133,533,534,246,94,4798069,9,4,0,403,2846410,13,5,12,11,18,47,1,0,0,0
760,191,346,746,260,46,8862462,6,5,0,455,4537405,6,11,13,10,33,2,9,1,1,1
761,134,387,419,326,38,7897178,14,5,1,347,1261894,10,14,6,8,16,10,6,0,1,0
762,98,528,734,250,70,9406951,6,5,1,885,3778631,12,14,15,6,35,14,1,0,1,1
763,127,515,450,348,95,8043774,10,2,0,506,1361488,14,14,13,8,14,10,3,1,0,1
764,83,412,680,315,38,7642259,7,2,1,842,106581,5,7,17,3,33,37,4,0,1,1
765,139,440,457,273,39,5824810,13,7,0,839,760589,12,5,16,11,32,26,9,0,0,1
766,93,339,660,329,92,2379495,11,4,0,756,2784698,9,11,15,7,16,45,1,0,0,1
767,190,463,700,229,79,1513465,11,9,0,778,4420043,9,8,8,5,24,47,8,1,0,1
768,99,414,716,312,63,735260,10,8,0,442,3079976,10,7,18,8,17,22,6,0,1,0
769,118,542,739,262,57,6015303,6,8,0,759,2673964,13,8,15,9,36,1,3,1,1,0
770,95,322,489,300,47,2141740,10,9,1,727,640774,5,10,15,7,17,27,1,1,1,0
771,126,546,452,225,84,8754433,8,7,0,454,2817232,12,10,7,11,20,49,6,1,0,0
772,129,501,576,284,65,8392794,12,2,1,326,3250008,7,17,11,11,10,40,8,0,0,0
773,82,358,665,267,21,9340879,11,1,0,558,677661,5,18,16,10,19,23,10,0,0,0
774,120,321,440,375,83,7331674,12,7,0,312,1743790,9,14,15,11,28,41,6,0,1,1
775,168,437,618,322,81,2006644,6,3,1,319,3540212,10,11,12,4,26,7,4,1,0,1
776,96,324,731,264,60,3352061,14,2,1,511,4452230,6,7,6,8,18,5,5,0,1,1
777,195,365,723,395,28,5830314,6,1,0,583,1335061,5,16,9,11,24,9,7,0,1,1
778,123,313,595,229,73,9810476,12,9,1,556,3147041,7,8,13,10,28,15,2,1,1,0
779,165,338,475,329,76,6985013,11,1,1,578,2842258,8,5,11,4,10,35,10,0,0,0
780,188,492,701,352,22,4777188,13,4,1,321,1930339,7,19,10,8,34,27,1,1,1,1
781,89,356,590,202,49,8775155,7,8,0,332,2035997,14,18,11,4,38,41,4,1,1,1
782,154,319,493,244,85,819821,13,1,0,334,3187178,5,6,19,9,29,37,1,0,1,0
783,185,440,603,253,64,7092683,14,2,1,888,3699901,8,5,5,4,28,5,8,1,0,1
784,184,389,737,206,83,9747307,10,6,0,504,2245218,12,17,12,8,11,37,3,1,1,0
785,164,440,446,338,59,7020542,8,2,1,606,2078923,6,12,7,3,14,34,5,1,0,1
786,175,466,549,368,42,4137503,14,7,0,443,2004461,8,13,12,8,12,16,6,1,0,0
787,100,526,602,366,95,9860321,8,3,1,588,3568611,14,16,15,5,34,43,3,0,1,0
788,90,335,647,342,99,6384112,6,8,0,743,2531246,12,6,7,11,22,14,6,0,1,1
789,189,359,625,252,24,2691481,7,3,1,852,3278084,5,17,15,6,29,0,9,1,0,1
790,162,300,618,248,62,9931307,9,1,1,580,4253643,10,5,10,11,20,10,5,0,1,0
791,163,370,425,380,63,7956853,8,7,0,789,485621,7,9,17,8,35,42,5,1,1,1
792,175,319,423,248,22,4510705,13,1,1,545,3175216,6,18,16,4,38,48,7,1,0,0
793,189,345,554,218,60,8272372,7,6,0,605,557561,10,15,5,7,13,16,7,0,1,1
794,103,327,565,247,38,4850760,7,4,0,302,1235449,11,18,17,10,29,10,2,0,0,1
795,90,308,715,364,79,2830064,9,3,0,797,1510097,12,7,10,4,21,47,7,1,1,1
796,147,458,734,274,54,3051054,7,8,0,452,2760903,7,10,12,4,17,49,9,1,0,1
797,182,488,420,350,32,5690016,11,9,0,897,1596127,14,15,10,11,36,34,9,0,1,1
798,175,312,424,233,46,1527568,7,1,0,396,1842557,11,13,10,4,31,47,1,0,0,1
799,149,484,741,338,58,1415474,8,2,1,754,719120,6,12,10,6,38,18,7,1,0,0
800,101,548,515,208,48,5055336,11,9,1,436,4343199,13,8,6,5,34,8,5,0,1,1
801,127,377,704,338,72,7509841,13,2,1,359,4681341,9,8,5,8,31,3,5,0,0,1
802,141,300,603,212,30,1634576,11,1,0,575,1533005,11,10,9,7,34,2,9,0,0,0
803,119,449,678,212,37,6669022,14,1,1,497,793158,8,13,12,6,12,2,1,0,1,0
804,193,336,415,369,24,4795068,8,3,1,667,2008660,6,14,6,9,16,2,4,0,1,1
805,100,329,687,300,47,6817195,10,3,0,437,1448878,9,17,10,7,23,39,6,1,0,0
806,184,371,446,301,64,2160905,13,3,0,841,3401519,11,18,9,11,15,14,5,1,1,1
807,140,313,455,334,50,5509472,9,7,1,444,3998428,10,13,18,5,20,0,8,1,0,1
808,138,409,408,290,63,4270707,10,3,1,744,3116686,8,8,12,4,18,12,10,0,0,1
809,170,363,482,250,21,936955,9,3,0,848,4631520,10,19,8,11,33,41,2,1,1,1
810,157,458,658,289,57,1031688,8,1,1,528,2874596,11,19,16,11,23,7,4,0,0,0
811,123,351,741,313,21,8432371,6,2,0,338,3607238,10,5,12,5,10,20,10,0,1,0
812,162,386,695,382,82,7998494,6,4,1,513,1022071,8,15,13,6,38,12,4,0,1,0
813,133,390,589,249,95,9570332,7,5,0,798,2362965,11,8,16,10,32,22,3,0,0,1
814,164,525,432,252,28,7949941,6,2,0,695,3412716,11,16,6,6,26,41,5,0,1,0
815,85,519,587,222,38,1070148,9,8,1,457,3582621,8,15,15,4,13,34,3,0,0,1
816,103,479,717,308,68,3953725,12,3,1,316,3967835,5,16,9,10,24,38,1,0,0,0
817,139,524,527,276,88,7816367,8,9,1,599,4582505,6,7,17,10,37,40,1,1,1,1
818,170,493,588,362,72,674931,10,1,0,499,3058754,13,11,5,10,24,18,7,0,0,0
819,112,338,592,264,20,7736421,14,7,1,570,4951894,13,16,13,7,16,13,10,0,0,0
820,172,544,618,278,64,5356979,9,6,0,386,2941424,13,7,19,6,35,14,1,1,0,0
821,122,355,731,360,33,8114321,8,2,0,674,3083787,6,12,13,3,21,29,7,0,1,1
822,176,379,596,279,89,3405268,10,8,0,783,2002279,9,6,18,6,23,11,3,0,0,0
823,116,475,444,235,70,6130769,12,8,0,481,3562922,6,7,6,6,35,27,4,1,0,1
824,152,396,495,213,59,8194069,9,5,0,864,1446007,7,14,14,11,20,2,2,1,1,0
825,148,474,516,305,82,5126614,13,2,0,812,1536986,13,9,12,3,37,37,3,1,1,1
826,161,332,724,253,86,4195980,14,3,0,337,188915,9,8,8,8,19,16,2,1,0,1
827,114,541,647,322,29,9894700,10,3,1,341,1292416,10,6,11,6,38,33,6,1,1,0
828,171,502,712,255,88,1057737,8,9,1,873,3532718,13,5,8,9,20,17,6,0,1,1
829,197,525,493,294,28,5402424,10,5,0,879,2771783,8,18,9,11,37,38,10,1,0,0
830,132,301,685,353,84,733997,12,6,1,724,4973063,14,10,9,11,27,25,7,0,0,0
831,187,531,672,255,67,9969169,10,2,1,617,3339687,11,18,5,9,31,33,5,1,1,0
832,168,506,736,236,42,6289983,7,4,0,488,3480836,14,11,8,10,15,3,1,0,0,1
833,114,384,446,278,81,661006,7,7,0,808,213104,7,17,6,9,11,19,7,1,1,0
834,179,343,461,327,94,4417529,7,4,0,673,3634354,7,14,5,10,22,26,7,0,0,0
835,104,449,613,298,94,6453537,6,6,0,675,4232636,5,8,8,11,37,41,8,0,0,0
836,182,478,665,389,67,6489157,9,6,1,848,1552105,10,6,6,3,30,21,4,1,0,1
837,161,353,506,312,80,6688545,10,5,1,664,4613010,10,12,10,6,38,18,1,1,0,1
838,144,543,614,260,50,2251745,8,2,0,547,69622,10,8,10,5,34,34,5,1,0,0
839,92,543,467,236,39,6072975,8,1,0,477,1196471,12,9,6,8,25,8,1,1,1,0
840,110,425,475,331,30,9553067,8,1,1,508,2348314,12,16,6,9,16,38,9,0,1,0
841,141,327,636,224,79,3609517,11,2,1,626,121499,14,19,5,8,11,11,4,0,1,0
842,112,520,407,328,29,9061347,9,2,1,318,1984723,11,5,17,11,29,42,2,0,1,1
843,109,452,435,208,47,8598818,10,9,0,619,4704696,10,9,14,9,11,16,3,0,0,1
844,186,393,549,278,31,3418446,14,4,1,462,4774534,5,9,14,10,20,48,6,0,0,1
845,95,490,452,282,49,9880079,10,8,1,441,4617166,13,5,17,3,32,46,1,1,0,0
846,186,476,521,298,65,1547917,6,4,0,652,1211560,9,14,8,11,27,15,1,0,1,0
847,139,321,640,335,50,1908768,13,8,0,412,593476,10,16,6,8,34,45,1,1,0,0
848,156,344,442,242,21,8815121,13,8,0,432,867248,10,7,18,9,29,2,6,0,1,1
849,111,391,410,214,28,3531324,14,9,0,559,1825075,13,8,17,8,30,7,3,0,0,1
850,130,358,727,210,73,9868425,13,1,0,549,4252678,6,15,12,5,16,26,7,1,1,1
851,103,433,729,236,82,4588552,13,4,1,816,2927684,14,16,15,9,34,26,10,0,1,1
852,148,394,712,264,58,9004524,6,5,1,823,4647658,12,19,19,7,36,47,3,1,1,0
853,105,384,710,311,99,5205272,9,7,0,810,1112868,5,13,18,11,35,5,8,0,0,1
854,81,408,614,236,50,1863122,9,7,0,434,1355829,14,5,17,9,22,3,7,1,0,1
855,148,415,709,246,87,2063368,13,8,1,658,3757395,13,9,7,5,30,19,10,1,1,1
856,95,539,741,222,39,1316409,11,1,1,510,548161,5,12,8,10,22,40,8,0,1,1
857,121,344,471,387,97,5246517,6,4,0,591,1865009,9,7,7,11,30,26,9,1,0,1
858,100,454,521,274,89,6360706,12,3,0,859,2138378,13,5,10,3,31,34,1,0,1,1
859,87,401,717,331,43,4768151,12,5,0,622,2143343,12,11,11,11,21,27,9,1,0,0
860,124,482,492,390,79,881542,8,6,0,569,2108192,12,7,14,3,28,9,5,1,1,0
861,118,497,540,325,78,8260617,14,3,1,659,2021265,6,10,17,5,37,49,7,0,0,1
862,89,412,444,279,84,6527692,9,1,1,306,1874120,6,9,15,3,19,6,9,1,1,0
863,86,340,404,297,88,8008959,13,6,0,321,1511436,14,7,9,6,10,25,7,0,0,1
864,182,383,467,303,72,7601663,13,9,0,878,4251461,9,11,14,4,23,35,9,0,1,1
865,123,304,473,386,26,1099628,14,1,1,533,630516,9,19,13,8,18,17,6,1,1,0
866,164,301,429,255,57,8570807,12,5,1,710,1208051,14,16,12,3,26,35,7,1,0,0
867,143,377,633,278,54,3970371,9,6,0,557,890934,11,16,19,9,20,1,8,0,0,0
868,117,427,643,363,43,3511244,14,9,1,441,2098049,13,17,9,11,17,28,7,0,0,1
869,187,415,532,291,83,7109977,7,1,1,322,3885698,14,7,11,5,18,47,7,0,0,0
870,184,359,597,264,32,3786585,11,4,0,569,2153243,10,12,18,7,37,5,3,0,0,0
871,159,418,705,262,39,6266304,6,1,1,823,675407,7,13,16,9,29,18,1,1,0,1
872,86,494,452,327,75,5805965,14,7,0,868,1853331,8,8,14,6,26,48,8,1,1,0
873,137,350,704,391,59,2313868,6,5,0,580,2467657,13,10,9,3,30,15,4,1,1,1
874,118,496,558,261,83,5341763,6,1,1,417,1533938,12,9,15,4,22,41,5,1,0,1
875,109,395,572,286,56,1015111,10,8,0,820,3659096,10,19,10,4,30,0,3,1,0,1
876,120,400,477,367,22,1276539,7,1,0,464,1686105,9,12,8,9,12,25,5,0,0,1
877,108,329,484,375,84,1863999,9,8,0,638,2703061,8,7,17,7,27,16,5,1,1,1
878,171,429,724,363,56,9283324,8,1,1,561,2884848,14,5,14,11,34,16,3,0,0,1
879,149,521,631,366,66,7803006,8,9,1,753,3774725,13,14,17,3,29,30,4,1,0,1
880,168,311,689,326,46,9665850,7,4,0,540,1698657,6,10,14,10,20,36,10,0,1,1
881,99,541,700,216,87,3809718,9,7,1,871,851727,11,19,6,8,37,30,10,0,0,1
882,106,509,527,262,66,9235576,14,5,1,839,423572,12,5,17,4,18,42,8,0,1,0
883,92,350,473,342,86,8398323,13,1,1,815,1955554,12,16,15,10,36,42,9,1,0,1
884,103,386,623,202,61,1412339,6,7,0,555,3776012,11,14,9,10,24,18,2,1,0,1
885,136,361,518,325,98,2507705,8,8,0,333,4936276,12,11,17,5,17,0,1,1,1,0
886,199,455,543,398,27,5698442,8,3,1,608,3799508,5,15,18,6,35,29,10,0,1,1
887,140,446,628,257,26,7556358,13,3,0,660,2485840,8,8,10,3,33,33,6,0,0,0
888,116,449,600,290,89,1659600,7,6,1,760,4166992,7,9,11,7,23,19,4,0,1,1
889,167,390,473,204,91,6472402,10,3,1,317,919511,9,16,11,9,20,23,8,1,1,0
890,89,497,474,275,61,6706799,14,7,1,845,4584491,6,11,19,9,25,28,5,0,1,1
891,160,315,560,208,43,8557655,7,5,1,807,4244823,12,14,5,9,20,7,3,0,0,0
892,82,431,557,340,76,6728194,11,6,0,360,1018809,11,8,17,10,32,2,7,0,1,0
893,103,463,424,301,98,1395881,8,3,1,870,63128,8,15,11,3,12,32,9,0,1,0
894,100,531,594,360,35,9857897,9,4,0,428,681908,13,17,10,6,30,22,3,1,0,1
895,164,386,643,294,91,4434979,11,5,0,887,3015029,11,7,5,10,14,34,6,0,1,1
896,165,447,550,369,23,6895531,8,7,0,581,2608800,5,7,6,3,28,25,1,1,0,0
897,185,544,695,396,74,2729745,6,2,1,426,613235,9,17,8,11,23,43,2,1,0,0
898,81,343,673,341,48,9779428,8,1,0,402,1053942,6,5,14,3,20,19,9,0,1,0
899,181,356,529,290,70,3149521,9,1,0,683,32618,5,16,5,6,39,0,6,1,1,0
900,157,468,501,302,51,548601,9,1,0,660,1519268,6,11,13,3,24,30,3,1,1,0
901,89,475,592,377,37,2838726,10,4,1,742,2855408,12,17,7,3,24,26,6,1,0,1
902,150,457,668,291,48,971500,12,1,0,359,565881,13,11,6,10,22,21,7,0,0,0
903,178,336,465,226,41,7360048,8,1,0,591,1314167,7,7,19,9,24,39,1,0,0,0
904,106,511,667,260,33,9399706,11,9,1,674,482931,9,19,14,3,11,20,5,1,0,1
905,127,347,464,266,28,7411610,7,1,1,732,2687736,6,14,16,5,23,10,3,0,0,1
906,161,468,426,241,62,4745636,8,6,1,775,3485860,14,15,13,11,15,34,6,0,1,0
907,106,308,645,350,36,3592335,13,7,0,573,297328,8,6,12,9,16,3,8,0,1,1
908,86,359,519,258,27,7075317,11,9,1,411,3638061,8,14,5,4,20,30,8,1,0,1
909,164,371,616,252,85,651904,7,9,1,744,1911830,6,11,12,6,15,1,7,0,1,1
910,183,536,506,283,31,1284659,14,3,1,589,4731169,6,6,6,4,16,11,9,1,0,0
911,100,345,524,274,28,2354830,14,6,1,590,3121482,11,16,13,3,28,33,1,0,0,1
912,148,481,560,201,75,7533376,12,7,0,644,3391628,14,8,12,4,18,38,9,1,0,0
913,91,363,721,356,58,1692965,9,1,1,765,2889642,11,5,5,11,19,46,1,0,0,0
914,149,500,456,227,63,4434176,14,4,0,340,851434,13,11,12,8,15,48,1,1,1,1
915,137,519,451,233,52,5348988,13,6,1,814,1489579,7,14,15,9,22,20,7,1,1,0
916,129,549,436,343,31,3783366,9,5,1,877,1940012,14,18,14,3,25,1,6,1,1,1
917,168,393,558,350,73,2613004,6,7,1,683,2869261,5,17,17,9,24,4,3,0,0,1
918,87,333,704,262,40,9086631,6,7,1,340,278814,8,8,19,9,21,42,5,1,0,1
919,181,341,714,319,94,4330462,10,5,1,346,3399642,6,16,14,6,21,9,6,1,1,1
920,177,422,486,310,67,3422315,13,1,1,662,2953672,8,8,17,11,35,26,10,1,1,0
921,151,371,407,221,52,2906199,14,5,1,581,1840614,6,19,18,4,17,21,2,0,0,1
922,183,495,708,245,28,2010299,13,4,0,347,1394669,9,13,8,8,13,36,3,0,1,0
923,149,509,594,319,32,4244851,14,8,0,766,1550595,5,15,8,11,27,5,8,1,1,0
924,195,541,702,347,43,4806271,14,8,1,797,4337833,14,6,15,7,10,43,3,0,0,1
925,128,476,652,392,26,4640677,12,2,1,548,1979713,5,7,19,3,30,15,10,1,0,1
926,196,409,738,240,86,5114530,12,5,1,622,3414903,10,10,14,6,36,22,5,1,1,0
927,116,357,720,381,49,9359757,6,5,1,535,1451339,12,10,15,6,15,35,4,1,0,1
928,192,327,708,236,47,9194220,7,1,0,408,1211694,12,9,6,6,11,45,1,0,1,1
929,95,376,663,280,89,9231861,8,9,1,844,3322395,5,13,16,11,26,49,6,0,1,1
930,81,487,433,353,40,8709562,9,9,1,513,4207474,13,9,6,9,28,12,7,1,1,0
931,135,502,495,227,98,6066552,9,2,0,377,3598997,7,12,9,8,11,33,10,0,1,0
932,159,433,513,270,98,1212779,6,1,1,511,4467747,9,16,15,5,33,5,10,1,0,0
933,161,403,508,308,30,3735104,12,4,0,341,1782507,5,14,7,6,39,41,4,1,0,0
934,140,403,652,205,68,796561,12,3,0,451,1248053,5,11,11,7,10,16,4,1,1,1
935,197,384,447,376,72,3469762,11,4,0,379,3860105,6,11,18,7,30,27,7,0,0,0
936,192,466,538,281,85,6771842,14,6,1,588,2675294,7,7,12,6,11,40,1,1,0,1
937,123,314,592,212,56,9570843,11,1,0,570,2326564,13,12,6,4,19,2,3,1,1,0
938,123,440,722,289,32,3672162,11,7,0,640,1483428,9,12,7,8,23,5,3,1,0,1
939,182,387,717,220,53,1179855,11,5,1,801,2847162,6,9,9,3,37,13,10,1,0,1
940,114,328,565,277,72,715970,6,4,0,706,4869942,9,14,17,9,38,24,9,1,0,1
941,82,514,571,351,96,9315291,9,9,1,367,1539673,11,11,16,9,34,43,3,1,0,1
942,172,354,642,381,67,840636,10,8,0,349,2345616,12,13,11,6,36,21,9,1,1,0
943,195,372,445,347,57,7840537,11,3,1,473,1109241,8,5,7,5,26,1,8,1,0,1
944,191,388,749,207,30,5214335,13,6,1,644,4369848,11,7,16,5,15,4,8,0,0,0
945,195,429,746,239,20,4921793,14,1,0,450,4044899,14,9,7,9,21,19,4,0,0,0
946,150,514,530,239,27,3574708,13,4,0,830,2442981,14,19,12,6,26,14,1,1,1,1
947,173,484,622,232,90,5862452,6,9,1,443,1864885,13,13,8,4,14,28,1,0,0,0
948,86,402,427,383,78,6501224,12,2,1,829,3829176,11,16,17,7,15,20,2,1,0,0
949,177,419,645,237,83,4286242,7,8,1,561,2718166,9,10,17,5,28,23,4,0,0,1
950,163,318,490,247,68,2923569,9,2,1,608,4905757,9,8,12,10,22,18,10,1,1,0
951,175,383,418,354,52,4950334,12,4,0,629,1791914,12,12,10,9,17,4,4,0,0,1
952,129,405,716,285,49,9072195,9,9,0,317,4840929,13,7,6,6,11,33,2,1,1,1
953,117,323,698,343,95,6912793,7,8,1,470,2211098,6,17,5,10,15,26,8,1,0,0
954,171,351,432,321,27,1744170,13,9,0,418,1669382,12,9,9,7,39,44,1,0,0,0
955,116,425,663,334,93,5511887,13,7,1,412,3005739,12,5,6,4,32,19,9,0,0,0
956,101,446,644,256,39,8156843,10,9,0,593,1725110,14,16,8,4,31,35,1,0,1,1
957,117,467,437,274,34,5950609,7,4,1,876,2755626,9,11,11,6,38,26,1,0,0,1
958,116,537,425,301,52,9440306,12,5,0,570,3105099,10,18,12,8,20,12,4,0,0,0
959,80,336,656,385,47,4924502,8,4,1,827,4831564,10,18,6,5,15,28,9,0,1,1
960,88,414,438,217,59,511715,7,3,1,800,2916715,7,14,11,11,22,4,5,0,0,0
961,105,449,597,386,78,9539071,8,3,1,569,4423886,14,6,7,10,14,31,4,1,0,0
962,164,307,540,277,77,8659713,8,1,1,835,3938345,5,15,16,11,30,28,9,1,1,0
963,182,406,576,262,47,8848497,14,6,0,674,4646447,9,12,15,4,13,8,8,1,1,1
964,86,306,686,303,84,4868697,14,5,1,749,2730387,12,17,19,8,38,17,7,0,1,0
965,146,420,689,215,63,4143484,9,6,1,402,652237,13,19,9,11,14,18,3,0,0,1
966,127,476,555,372,58,2497497,12,3,0,746,494722,5,17,16,8,14,30,3,1,1,1
967,87,513,530,223,86,6554730,9,3,0,736,3314471,11,8,14,8,21,19,7,0,0,0
968,134,405,442,216,55,9689419,10,8,0,412,800926,12,12,11,11,12,37,1,1,1,1
969,115,536,576,341,79,9767073,6,1,0,411,4438898,7,12,19,3,39,20,10,1,1,1
970,123,350,592,242,92,7476035,12,9,0,846,1533108,10,6,9,6,39,36,4,1,1,1
971,86,478,628,350,33,9066843,10,9,1,438,4396795,7,7,7,3,12,41,4,1,1,1
972,149,434,466,253,62,8585184,9,2,0,482,185590,10,11,14,4,36,12,3,1,1,0
973,137,405,616,242,42,6602668,10,3,0,799,4127146,8,6,17,5,10,25,5,1,1,1
974,196,382,671,347,34,3131913,6,8,1,874,4174612,7,17,16,7,11,9,6,1,0,0
975,199,412,541,379,68,2122777,13,9,0,369,843829,12,13,17,9,30,37,8,0,0,0
976,183,393,526,277,21,6998228,11,7,0,601,1643470,12,9,8,10,20,32,2,1,0,0
977,177,428,409,223,98,6160717,9,4,1,731,3748735,8,17,13,8,18,36,4,0,1,0
978,198,323,575,365,44,7410405,12,3,0,462,1849131,14,6,13,7,33,33,6,1,1,1
979,193,515,471,235,31,9114188,13,2,1,836,4599098,9,15,16,9,16,5,10,1,0,1
980,82,363,581,315,36,7169030,12,5,1,312,4293037,11,7,5,5,10,17,5,1,0,0
981,118,434,592,219,89,8936254,14,9,0,592,1589190,12,16,16,9,12,11,8,0,0,1
982,91,501,553,365,42,1755674,10,8,1,786,4887630,7,12,15,6,15,28,9,0,1,1
983,175,318,653,246,53,688790,12,5,1,576,2173656,14,15,17,4,18,14,5,1,1,1
984,104,407,530,260,93,3467076,7,7,0,823,2709687,13,5,6,10,36,39,8,0,0,1
985,89,448,604,277,51,8223689,13,7,1,333,4580249,6,18,12,5,14,10,1,1,0,0
986,175,302,590,379,63,2424869,10,9,1,805,1870522,10,8,11,11,34,41,3,1,1,1
987,90,437,456,275,78,6402458,12,3,1,439,2679704,11,6,18,7,37,43,3,1,0,1
988,174,526,506,355,39,7882398,10,8,1,673,2252912,10,12,10,4,39,41,1,1,0,0
989,113,444,597,264,59,9276860,7,8,0,593,1602770,6,16,12,9,35,8,9,0,0,0
990,128,472,666,259,57,9473232,6,1,0,663,3026415,12,12,15,3,16,29,10,1,1,0
991,95,368,502,248,24,4588014,13,1,1,655,351135,5,11,18,4,25,32,4,0,1,1
992,84,502,620,269,42,6120672,14,8,1,854,2865580,10,19,17,5,33,25,7,1,0,1
993,121,302,690,213,57,8255520,7,9,0,791,2916981,11,14,17,4,38,45,6,1,0,1
994,108,350,692,322,65,8616117,6,1,1,419,692604,12,6,14,8,19,13,4,0,1,0
995,80,467,415,231,82,1656449,13,5,1,564,2257013,12,9,7,9,28,33,4,1,1,0
996,199,467,724,251,24,9558725,10,2,0,522,3168233,6,15,10,11,16,29,5,0,0,1
997,147,495,682,217,23,8482745,10,6,0,737,2459817,14,17,18,3,26,20,4,0,0,0
998,100,431,553,279,27,2608048,11,9,1,807,2826335,8,16,16,5,21,13,4,0,0,1
999,175,410,645,287,98,9213977,13,5,1,424,2605015,13,8,16,4,38,40,4,0,1,1
